service_type,commune,low_medium_price,rating
0,30,0,3.3
27,18,1,3.8
27,10,0,3.1
33,21,0,4.9
22,3,0,4.5
30,34,0,4.0
14,6,0,4.1
2,23,0,4.1
19,23,1,3.9
3,36,1,3.0
31,10,0,4.6
12,4,0,4.5
23,28,0,3.5
11,13,1,3.6
0,18,0,3.5
2,32,1,3.6
27,19,1,3.7
19,11,0,3.4
24,25,0,3.6
6,14,0,3.0
12,3,0,3.0
23,20,0,3.3
8,29,1,3.4
11,3,1,3.1
3,27,0,3.7
24,19,1,3.1
16,22,1,4.6
6,9,1,4.7
25,5,0,4.1
20,29,1,4.5
30,4,1,4.2
25,24,1,4.2
2,2,1,4.3
15,20,0,4.1
26,10,0,3.4
3,32,1,4.6
25,18,0,4.3
10,29,1,4.3
14,2,1,3.8
3,32,1,3.8
31,3,0,3.4
4,31,0,3.4
15,10,0,4.4
15,15,0,4.9
27,32,0,4.5
4,22,0,3.3
14,4,1,3.9
14,9,1,3.1
12,19,0,5.0
14,3,1,3.9
16,21,1,4.8
32,8,0,3.5
11,20,0,4.0
11,27,1,3.1
26,32,0,3.3
17,26,0,3.5
2,21,1,3.0
18,4,0,3.7
1,21,1,4.5
2,37,1,4.3
7,10,0,4.8
3,0,0,3.3
33,26,1,4.6
19,5,0,3.5
22,23,0,3.7
3,22,0,3.3
16,21,1,4.6
10,22,1,3.9
11,7,1,4.6
27,8,0,4.2
14,9,1,4.7
19,13,1,4.6
10,2,1,3.8
22,14,0,3.7
11,16,0,3.9
2,35,0,4.5
9,25,0,3.6
13,17,0,4.9
29,24,1,3.1
9,37,0,4.7
13,28,0,3.8
17,25,1,3.2
22,21,1,4.3
7,17,1,3.5
15,25,1,3.9
17,5,1,3.0
30,9,1,3.7
33,17,0,4.6
16,34,0,3.6
16,0,1,3.7
14,35,0,4.2
15,33,1,4.5
11,32,0,4.9
17,22,1,3.1
13,21,1,4.3
23,4,1,4.6
3,34,1,4.1
4,9,0,3.2
12,36,1,4.8
6,10,1,4.5
20,29,1,4.5
11,16,0,3.9
1,34,1,3.5
20,9,0,4.7
6,22,1,4.2
17,15,0,3.1
28,29,1,3.1
29,24,1,4.7
5,14,1,4.4
24,34,0,3.5
16,8,1,4.9
17,37,0,3.7
7,21,0,3.5
3,35,1,3.4
8,18,1,4.0
20,35,0,4.3
8,9,0,4.3
1,25,0,4.2
22,24,1,3.1
20,13,1,3.2
3,35,1,3.9
10,29,1,4.3
25,2,0,4.2
6,15,1,4.6
28,27,1,4.8
2,7,1,4.3
0,26,0,3.3
3,34,0,3.4
6,33,0,4.7
15,30,0,3.9
18,36,1,3.8
27,9,0,4.8
1,15,1,3.5
3,28,1,3.8
14,6,0,4.8
5,32,0,3.2
0,2,0,3.2
12,29,1,4.5
10,34,0,3.9
20,23,1,3.2
5,2,1,3.9
0,6,0,4.0
20,27,0,3.0
7,6,0,3.2
18,10,1,4.0
8,24,1,3.3
16,26,0,4.9
13,20,0,4.9
27,31,0,4.0
7,6,1,3.5
16,19,0,4.6
2,24,0,3.6
0,15,0,4.3
33,3,1,4.6
28,6,1,4.7
4,28,1,3.4
27,36,1,3.6
30,8,1,4.6
9,20,1,3.8
28,29,1,3.1
11,12,0,4.6
27,7,1,3.4
26,25,1,3.8
9,29,1,3.4
14,5,0,3.9
13,9,0,3.0
29,15,1,3.9
6,28,1,3.3
10,29,0,3.4
3,3,0,4.9
3,2,0,4.7
0,37,0,4.0
16,6,1,4.2
14,33,0,4.9
17,1,0,4.5
16,10,0,4.4
32,19,0,3.5
11,34,1,3.7
10,33,0,4.0
21,16,1,3.6
18,6,0,3.2
31,26,0,4.4
13,31,1,4.2
16,1,1,3.1
1,9,1,4.8
3,30,0,4.5
8,30,1,4.8
25,19,1,3.8
25,19,1,3.8
12,15,1,3.7
0,8,1,4.6
18,27,0,3.2
8,17,0,3.1
17,31,1,4.0
12,28,1,3.4
33,22,0,4.3
7,10,1,4.3
17,33,1,4.5
1,15,0,4.4
4,35,0,3.6
9,37,0,4.7
21,18,1,5.0
2,15,1,4.3
23,6,0,4.8
28,32,1,4.6
12,7,0,3.5
6,20,1,3.4
25,11,0,3.5
24,30,0,3.7
25,30,1,4.5
25,25,1,3.8
13,30,1,4.8
6,36,1,3.5
33,32,1,4.0
28,31,1,4.9
29,24,1,3.1
2,22,1,3.1
10,2,1,3.2
5,29,1,4.3
7,21,0,4.9
24,6,1,3.6
13,29,1,4.4
6,13,0,3.1
13,34,1,4.7
7,28,1,4.6
18,6,0,3.3
28,29,0,3.9
19,34,1,4.5
17,21,1,4.6
27,34,0,3.6
13,17,0,4.9
7,21,0,3.6
28,16,0,3.1
9,12,1,4.9
20,20,1,3.9
6,34,1,3.4
30,14,1,3.0
18,18,1,4.3
5,28,1,3.4
6,31,0,4.0
23,28,1,4.0
23,2,1,3.0
26,23,1,3.4
24,9,0,4.7
29,10,0,3.1
30,24,1,3.9
28,16,0,4.1
16,10,0,4.4
30,25,0,4.6
1,37,1,3.8
21,22,0,3.3
23,31,1,5.0
6,12,1,3.4
28,4,0,3.3
5,18,1,3.0
27,8,0,4.3
29,5,1,3.2
17,6,1,4.4
21,14,1,3.9
28,24,0,3.2
9,30,0,4.6
0,6,0,4.0
7,19,1,3.4
25,18,0,4.3
20,28,0,4.5
33,18,0,3.6
16,12,1,3.5
8,1,1,4.7
13,37,1,3.3
9,21,0,3.5
15,32,0,4.8
15,15,0,4.9
27,12,1,3.5
1,24,0,4.4
5,3,1,4.9
22,23,1,4.8
12,26,0,3.0
10,20,1,3.6
28,34,1,4.1
1,8,1,4.5
3,27,1,4.4
18,37,1,4.4
16,28,0,3.8
15,34,1,4.1
7,26,1,4.6
29,7,0,3.9
17,36,1,3.2
14,19,1,3.5
13,34,1,3.4
32,12,1,5.0
4,23,1,3.5
28,11,1,4.1
12,9,0,3.8
12,21,1,4.7
32,20,0,4.0
2,16,0,3.9
19,11,1,4.4
4,12,1,4.9
3,25,1,3.7
7,24,1,3.5
2,25,0,3.5
1,22,0,4.9
30,20,0,4.3
19,1,0,3.6
30,17,0,3.1
15,2,1,3.1
23,16,1,4.1
29,30,0,5.0
22,0,1,3.2
11,0,0,4.4
8,31,0,3.9
5,36,1,4.4
23,2,1,4.0
16,15,0,4.7
22,30,0,3.8
19,6,1,4.8
27,20,0,3.2
15,28,0,4.0
18,10,0,4.2
1,17,0,3.7
19,37,0,3.1
29,27,1,3.7
12,32,1,4.5
0,36,1,4.2
11,1,0,3.8
17,26,1,4.9
0,21,1,3.5
13,17,1,4.6
6,31,1,4.8
30,3,1,3.9
6,31,0,3.8
20,9,0,4.7
33,11,1,3.4
19,33,0,4.8
1,16,1,4.2
18,22,0,4.3
29,19,1,3.0
24,31,0,3.8
18,13,0,3.2
7,33,1,3.5
25,16,1,5.0
28,35,0,3.6
17,37,0,4.9
29,34,1,3.1
21,14,0,3.1
28,27,1,4.4
25,36,0,3.8
9,7,1,4.5
16,20,0,4.6
33,24,0,4.7
28,17,1,4.9
32,11,0,3.5
25,30,0,4.7
20,23,1,3.2
16,27,1,4.6
27,34,0,3.5
19,37,0,3.7
29,11,1,3.3
2,35,0,4.5
7,21,0,4.2
12,22,1,4.5
32,14,0,3.0
10,4,1,4.9
22,16,0,4.8
0,33,1,3.1
3,26,1,4.2
19,5,0,3.8
33,8,1,3.7
21,14,0,4.5
13,28,1,4.6
14,28,1,4.2
7,13,1,4.4
18,9,1,5.0
27,14,0,5.0
15,23,1,3.9
20,16,1,3.4
22,16,0,4.2
6,1,0,3.7
18,35,0,3.3
15,15,1,3.1
17,34,0,3.3
22,10,0,4.9
20,21,0,3.0
7,11,0,4.9
20,35,0,4.6
31,33,1,4.6
3,30,0,4.3
20,8,0,3.7
13,29,1,5.0
30,20,0,3.2
0,20,0,4.3
13,24,1,3.8
27,23,0,3.5
10,9,1,4.1
10,2,1,3.9
28,7,1,4.3
4,24,1,3.1
17,13,0,4.7
2,22,0,3.8
7,23,1,3.3
19,14,1,4.7
15,35,1,3.8
9,36,0,3.2
25,5,1,3.1
24,1,0,4.5
11,16,0,4.0
17,19,1,4.2
2,1,0,4.2
20,30,1,4.8
33,32,1,3.6
6,4,1,4.4
13,4,1,4.0
30,37,1,3.3
15,25,1,3.9
28,34,0,3.1
1,32,1,4.4
24,29,1,4.0
17,30,1,4.6
7,9,0,3.1
7,32,1,4.4
3,26,0,4.9
29,19,1,3.0
12,15,0,3.7
1,16,0,4.4
12,15,0,3.0
30,7,0,4.7
28,4,1,4.7
6,33,0,4.5
0,28,0,3.9
20,22,1,4.8
24,31,0,3.8
8,1,0,3.5
32,10,0,4.2
29,0,1,3.9
12,37,0,3.0
10,7,1,3.0
3,27,0,4.5
12,31,1,3.1
5,3,0,3.3
14,33,0,4.9
18,7,0,4.0
23,11,0,3.4
2,35,0,3.6
24,9,0,4.1
29,5,1,4.3
7,23,1,3.0
26,22,1,4.0
16,18,1,4.3
27,8,0,3.7
18,4,1,3.6
32,12,1,5.0
17,36,1,3.3
29,30,0,3.9
22,7,0,4.0
3,2,1,3.7
16,1,1,4.9
8,12,0,3.9
12,4,0,4.7
2,9,1,4.7
23,28,1,4.1
12,15,1,3.7
11,37,0,3.2
9,20,1,4.5
20,18,1,4.4
25,29,0,4.9
30,36,0,4.4
1,33,0,3.6
9,3,0,3.3
17,12,1,4.2
1,13,0,4.2
32,1,0,4.2
0,26,0,3.3
8,13,1,4.1
27,2,1,4.6
14,32,1,3.0
26,17,1,3.5
27,20,0,3.2
3,30,0,4.3
27,3,1,3.7
16,14,1,4.4
7,12,1,4.4
31,28,1,3.1
23,20,1,3.4
4,4,1,3.4
20,24,1,4.7
0,3,0,4.7
28,35,1,4.8
1,3,0,3.6
22,14,0,4.8
22,24,1,4.0
2,15,1,3.8
30,5,1,4.1
25,34,0,4.3
12,1,1,3.5
6,14,0,3.0
18,27,0,4.5
2,34,0,4.0
33,29,1,3.6
31,5,0,3.8
19,23,1,3.9
18,14,1,3.6
14,24,0,4.7
22,16,0,4.8
10,9,0,3.6
3,19,1,4.9
13,6,1,3.6
19,36,1,4.7
12,18,0,4.9
21,7,0,3.2
22,3,0,4.5
19,1,1,4.6
33,19,0,3.6
15,36,1,4.3
25,5,0,4.1
11,3,1,4.6
18,16,1,4.0
22,10,0,3.7
0,22,0,4.0
22,19,0,3.0
16,16,1,4.0
28,20,0,3.6
2,29,0,3.3
14,7,1,4.6
23,7,1,3.1
16,5,1,4.8
11,3,1,3.1
31,24,0,5.0
7,10,0,4.1
27,30,1,4.5
0,4,1,4.0
9,20,1,4.5
18,0,1,4.8
5,18,1,4.3
25,24,0,4.4
5,7,1,4.4
18,17,1,3.7
22,13,0,3.2
22,9,0,4.5
5,35,0,3.6
22,28,1,3.1
6,22,1,4.2
23,7,0,4.0
21,20,1,4.7
29,30,1,4.4
11,20,0,3.5
12,7,0,4.5
5,13,0,4.4
12,29,0,3.3
25,20,1,3.1
25,16,1,3.8
8,30,1,3.9
25,33,1,3.8
25,33,0,4.3
1,20,1,4.9
11,1,1,4.1
30,25,0,4.6
17,17,1,3.3
29,15,1,4.1
30,29,0,4.0
4,19,0,3.6
23,12,1,3.9
1,7,0,4.1
10,27,0,3.7
32,22,0,3.1
3,8,1,4.5
19,30,1,3.9
22,15,0,4.9
12,2,1,3.0
16,27,1,3.8
30,36,0,3.4
21,17,1,4.1
17,31,1,3.1
24,25,0,4.7
0,15,1,4.7
13,2,1,4.3
13,16,0,3.7
0,32,0,3.7
18,8,1,3.9
12,24,0,3.1
25,6,1,3.9
14,7,1,5.0
33,21,1,4.3
28,32,0,4.2
7,34,1,3.8
20,26,0,4.4
3,19,0,4.2
2,18,1,3.0
10,31,1,4.1
4,7,0,3.6
5,5,0,4.7
3,17,0,3.9
21,10,1,3.1
32,31,0,4.7
11,31,0,3.2
26,33,1,3.5
6,11,0,4.2
18,4,1,4.2
3,4,1,3.4
28,13,1,3.2
16,16,1,4.0
30,10,0,4.2
19,2,0,4.4
32,2,1,4.4
15,27,1,4.8
24,3,0,4.8
4,34,0,4.5
8,2,1,3.1
6,2,1,4.0
27,14,1,3.4
8,3,0,3.9
12,1,1,3.8
32,11,1,3.4
3,28,1,3.8
18,36,0,3.6
1,12,0,3.6
23,29,0,4.3
0,10,1,3.2
6,14,1,3.2
19,23,0,3.3
13,31,1,4.2
24,27,0,3.0
28,16,1,3.7
25,20,0,4.8
12,24,0,4.1
5,7,0,3.5
19,25,0,4.9
15,13,1,4.7
30,36,1,4.7
7,7,1,3.2
17,2,1,3.1
11,8,1,4.1
11,30,0,4.3
16,16,1,4.0
17,11,1,4.6
14,37,0,3.5
26,4,0,3.5
1,19,0,3.8
24,0,1,4.5
22,17,1,3.9
29,31,1,4.3
15,22,1,3.4
4,35,0,3.6
32,32,1,3.6
3,30,1,4.5
33,5,1,4.1
29,1,0,3.4
2,22,1,3.1
28,16,0,4.1
20,34,1,3.7
8,5,0,4.3
29,16,1,4.3
18,36,1,3.8
2,35,0,3.6
28,29,1,3.1
0,10,0,4.3
12,36,1,4.6
30,29,1,4.7
19,21,1,4.1
7,25,1,4.2
16,9,0,4.1
11,37,1,4.6
17,21,1,4.6
10,37,1,3.4
6,2,0,3.8
29,1,1,4.3
14,17,1,5.0
8,2,1,4.5
2,15,1,4.3
1,18,0,3.3
2,25,0,3.5
14,2,1,4.1
4,32,0,3.4
14,1,0,3.6
17,36,1,3.8
5,6,0,4.8
32,9,1,3.2
19,27,0,4.8
6,32,1,5.0
0,3,1,3.4
31,26,0,4.4
5,30,1,3.7
3,28,1,3.8
29,1,1,4.3
13,11,0,4.7
10,7,1,4.5
20,10,0,3.3
13,37,0,4.0
0,1,0,4.4
6,2,0,3.8
27,9,0,3.8
18,9,1,5.0
32,10,0,3.9
17,3,1,3.2
18,37,1,3.6
7,7,1,3.4
13,24,1,3.3
11,18,0,3.2
11,21,0,4.0
4,24,1,3.2
6,29,1,4.4
33,11,1,3.1
25,31,0,3.9
4,18,0,3.2
24,37,0,4.9
32,31,0,4.4
4,36,0,3.8
33,8,1,3.7
10,37,0,4.4
27,32,1,4.0
20,2,0,4.1
17,22,0,4.7
4,10,0,4.1
24,29,0,3.8
31,3,1,4.1
33,24,1,3.1
25,5,0,4.6
12,6,1,4.7
15,28,0,4.0
1,32,1,4.4
17,3,1,3.4
8,5,0,4.9
31,32,0,4.2
5,26,1,3.8
20,16,1,4.9
27,24,0,4.0
21,30,1,4.3
25,14,1,4.1
24,25,1,3.7
20,7,0,4.3
24,15,0,4.8
0,24,1,3.6
23,6,0,4.8
20,14,1,3.4
26,12,0,4.0
18,10,1,4.0
32,30,1,4.7
29,26,0,4.8
18,18,1,4.4
15,21,0,4.1
12,16,1,3.1
21,17,1,3.2
13,32,1,4.8
19,2,0,4.4
19,30,1,3.9
19,22,0,3.6
19,8,1,3.6
31,24,0,3.9
15,23,1,3.9
9,11,0,4.2
10,20,0,4.9
8,35,0,4.5
33,12,1,3.9
13,31,0,3.5
10,29,0,3.6
23,11,0,3.4
23,22,1,4.0
11,23,1,5.0
7,20,1,3.6
21,27,0,4.2
12,13,0,3.7
3,36,1,4.9
6,22,1,4.2
7,21,0,3.6
32,0,1,4.3
4,6,0,4.2
14,1,0,3.6
11,22,1,4.9
13,4,1,4.2
25,22,0,3.3
14,4,0,4.5
12,26,1,4.5
31,17,0,4.0
9,34,0,4.0
26,36,0,3.2
17,25,1,3.8
32,8,0,3.5
10,14,1,4.6
29,4,1,4.1
6,8,0,4.0
31,32,1,5.0
17,7,1,4.6
15,23,1,3.9
33,6,1,3.4
0,10,1,4.4
27,30,1,4.9
16,31,0,4.3
10,7,0,4.9
8,13,1,3.9
11,33,0,3.6
20,21,0,3.0
6,11,0,4.2
23,26,0,4.5
13,30,1,4.0
12,4,0,3.1
6,36,0,4.6
5,20,0,4.4
17,30,1,4.9
11,13,1,4.6
16,6,1,4.7
31,3,1,4.1
17,15,0,3.8
29,31,1,4.3
15,22,0,4.4
0,32,0,3.7
2,33,0,3.6
1,15,0,3.9
17,33,1,4.5
0,4,1,3.6
24,10,1,3.5
23,21,0,4.7
16,24,1,3.3
26,30,1,3.9
18,30,0,3.9
28,22,1,4.0
16,34,0,3.6
23,25,0,4.0
19,32,0,4.7
23,7,1,3.7
30,29,0,4.1
17,5,1,3.9
10,11,0,4.6
12,18,0,4.9
8,4,1,3.9
31,0,0,4.5
10,1,0,3.1
11,30,1,4.5
25,4,0,3.3
13,3,1,4.3
12,25,0,4.5
2,28,0,3.2
25,19,1,3.3
2,0,1,4.2
20,0,0,3.1
21,17,1,3.8
31,22,1,3.4
2,34,1,4.0
24,17,0,3.2
12,11,1,3.1
32,15,1,4.5
22,16,0,4.2
33,10,1,4.5
18,35,0,3.3
9,35,1,3.6
28,28,1,3.8
11,21,1,4.1
13,22,1,4.3
31,11,1,3.8
26,16,0,4.7
7,25,1,4.4
12,3,0,4.9
0,15,0,4.3
6,31,1,4.8
6,29,1,3.6
29,27,0,4.1
22,13,1,4.3
2,21,1,3.3
12,10,0,3.7
14,24,0,4.4
16,28,1,3.2
12,35,1,4.9
22,16,1,4.5
17,37,0,3.9
3,19,1,4.9
3,34,0,3.7
10,29,1,3.7
27,16,1,3.1
33,1,0,4.1
17,15,0,3.8
20,9,0,4.7
22,21,1,4.3
7,2,1,3.2
14,25,1,3.3
16,27,1,4.6
30,12,1,4.9
19,23,0,4.6
23,13,0,4.3
14,22,0,4.7
19,19,1,3.1
24,1,1,3.8
25,37,0,4.1
6,0,1,4.2
12,36,1,4.9
6,9,0,3.2
26,20,0,5.0
29,1,0,4.3
18,5,1,3.5
8,35,0,4.5
1,19,1,3.3
33,12,0,3.8
21,3,0,3.0
1,31,0,4.8
10,2,1,3.6
18,0,0,3.0
22,18,1,4.4
5,30,0,3.1
1,1,0,3.5
25,32,0,5.0
3,26,0,3.0
25,16,0,5.0
18,28,0,4.0
18,6,1,4.3
12,2,0,3.7
25,5,1,4.3
7,34,1,3.4
31,32,0,4.1
6,1,1,4.3
7,17,0,4.5
9,4,0,3.3
27,0,0,4.9
6,28,0,4.3
18,26,0,3.3
20,3,0,4.4
20,33,1,3.0
10,31,0,4.6
1,4,1,3.9
26,9,1,4.2
33,32,1,3.6
17,19,1,4.2
0,28,0,3.4
13,23,1,3.9
0,25,0,4.1
26,37,0,3.5
29,33,0,4.1
6,20,1,4.5
33,8,1,3.0
0,30,0,3.3
14,35,0,4.2
15,5,1,3.3
21,37,0,3.1
1,30,0,4.1
28,20,1,4.3
2,7,1,4.3
2,5,1,3.4
28,16,0,4.2
18,25,1,3.9
12,16,1,3.1
12,6,1,3.0
20,11,1,5.0
3,2,1,3.7
16,24,0,3.6
7,26,1,4.8
7,21,1,3.8
4,29,0,3.3
1,28,1,3.3
31,10,0,4.6
13,24,1,3.3
7,17,1,3.8
29,11,0,4.0
2,20,1,3.2
19,23,0,3.3
31,17,0,4.0
20,8,1,3.1
27,26,1,4.6
22,30,0,3.5
21,28,0,3.3
24,12,0,3.6
16,4,1,4.1
30,32,0,3.9
18,0,0,4.1
27,3,0,3.2
8,11,1,4.4
33,25,0,4.1
21,14,1,3.9
31,22,0,3.2
7,28,1,3.9
30,36,1,4.7
12,7,0,4.5
26,6,1,4.8
4,37,0,3.7
20,12,1,4.5
17,34,1,3.6
15,11,0,3.6
23,5,1,3.5
25,24,0,3.7
25,13,0,4.3
26,33,0,3.8
6,22,1,3.9
31,23,1,4.8
9,15,1,4.8
20,18,1,4.7
25,24,0,4.4
9,26,1,4.8
26,17,1,4.5
21,26,1,3.7
32,30,1,4.7
30,31,0,4.4
31,10,1,4.0
19,9,1,3.4
33,4,1,4.4
1,17,0,5.0
12,0,1,4.4
1,31,0,4.5
2,34,0,4.8
33,6,1,4.0
10,21,1,3.6
11,30,1,4.0
24,15,0,4.8
26,17,1,3.5
10,29,0,3.6
24,1,1,4.5
4,2,1,4.2
13,22,1,4.8
22,16,1,4.5
15,27,0,3.6
21,35,0,4.6
18,6,0,3.5
22,28,0,3.4
3,22,0,3.3
32,35,0,3.5
12,21,1,4.5
5,11,0,4.6
19,23,0,3.3
10,33,0,3.6
18,20,0,4.5
13,31,0,4.6
13,10,0,4.3
32,33,1,4.9
22,37,0,3.3
24,16,0,3.0
13,6,1,3.6
21,26,0,3.1
24,34,0,3.5
30,19,1,4.7
4,0,0,4.7
28,17,0,4.4
16,14,1,4.4
17,5,0,3.0
3,5,1,3.9
0,25,0,4.1
13,30,1,4.0
28,15,0,3.5
5,8,0,3.7
1,4,1,4.7
17,30,1,3.3
20,13,1,4.6
15,18,0,4.9
33,8,1,3.0
11,28,0,4.1
13,14,0,3.8
25,5,1,4.0
1,32,1,4.5
15,29,1,4.1
21,4,0,3.4
22,11,1,3.2
17,1,1,3.3
5,8,0,4.8
1,13,1,4.9
5,7,1,4.6
7,35,0,3.2
7,29,0,4.0
21,26,1,3.3
29,26,1,4.4
21,16,1,4.5
30,22,0,4.5
16,20,0,3.7
24,30,0,3.7
25,21,0,3.6
12,1,1,3.0
22,36,1,3.9
25,36,1,4.3
7,2,0,3.4
20,6,1,3.3
29,24,1,4.7
3,26,1,3.6
6,16,0,4.5
17,12,0,3.8
7,11,0,4.9
30,0,1,3.4
29,11,0,4.7
0,5,1,4.2
13,18,1,4.1
30,10,0,4.2
17,17,1,4.8
11,18,0,4.5
8,2,0,4.8
16,27,0,4.5
17,36,1,4.7
10,2,1,3.6
13,10,1,3.8
19,11,0,4.5
9,25,1,3.7
1,29,0,3.5
30,25,0,4.6
17,5,1,3.9
18,33,1,4.8
18,0,1,4.8
22,27,0,3.1
10,23,0,4.2
15,20,1,4.2
2,8,1,3.5
19,31,1,3.7
15,19,0,3.0
16,10,0,3.5
6,22,1,3.9
6,33,0,3.1
30,37,1,3.3
20,24,1,4.1
10,7,1,3.0
18,33,1,4.8
2,32,1,3.6
25,35,1,4.9
2,25,1,3.4
19,33,0,4.7
28,28,1,4.2
3,33,1,3.7
6,12,1,3.0
19,33,0,4.8
2,27,0,3.4
8,13,1,3.9
10,0,1,4.2
1,8,0,3.2
27,14,0,5.0
10,16,0,4.3
17,2,1,3.3
3,22,0,3.3
5,31,0,4.3
31,30,0,4.8
3,22,0,3.3
22,21,1,4.3
31,8,1,3.7
11,17,1,4.7
20,18,0,3.7
2,35,1,4.3
19,24,1,5.0
6,27,0,4.5
8,24,0,4.8
28,23,0,3.8
7,10,1,3.7
10,33,0,4.0
28,9,0,4.2
0,26,1,3.7
18,6,1,4.3
22,1,1,3.2
12,28,1,3.0
1,8,1,5.0
0,1,0,3.8
11,15,0,3.3
17,25,0,3.7
32,14,0,4.6
23,10,1,3.2
30,26,1,3.1
31,34,0,4.1
13,4,1,4.2
31,18,1,4.4
33,8,1,3.0
2,4,0,4.3
1,21,0,3.2
29,31,1,4.3
17,9,0,3.1
22,24,0,4.6
24,20,0,3.9
32,14,0,3.0
27,32,0,4.5
18,37,1,3.6
24,6,1,3.6
12,11,1,4.8
19,34,1,3.4
15,36,0,3.9
11,10,1,4.4
1,12,1,3.6
8,23,1,4.5
20,17,1,3.2
18,32,0,3.0
28,1,1,4.2
5,23,1,4.8
12,19,0,5.0
2,11,0,4.5
23,28,1,4.4
26,15,1,4.3
27,26,0,4.9
17,34,0,4.1
17,11,0,3.6
30,34,0,4.0
26,22,1,3.1
10,31,0,4.6
4,18,1,3.3
5,30,1,3.5
12,29,1,4.5
33,8,0,4.2
29,1,0,3.9
32,14,0,4.6
30,1,1,4.2
0,24,0,3.8
25,30,1,4.5
27,11,1,3.6
0,33,1,3.1
11,8,1,4.1
6,37,1,4.1
23,20,1,3.0
26,5,1,3.7
19,14,1,3.6
12,22,0,3.6
10,36,1,4.3
19,13,0,3.4
23,20,1,3.4
12,34,1,3.2
17,2,0,4.8
10,21,0,4.9
7,14,1,4.3
24,27,1,4.1
25,21,0,4.4
31,32,0,4.2
27,16,1,4.6
22,14,1,4.7
18,35,0,3.3
23,22,0,5.0
5,29,1,4.3
11,16,0,4.5
24,6,1,4.4
14,21,0,3.4
4,13,1,4.8
18,12,0,4.4
6,29,1,4.3
7,21,0,3.6
15,6,0,4.3
31,8,0,4.1
22,25,0,4.5
18,27,0,3.8
28,3,1,3.4
11,18,0,3.1
6,27,1,5.0
13,31,0,4.6
1,15,0,3.9
28,32,0,4.4
28,36,0,4.6
28,33,0,4.0
27,6,0,4.5
19,24,0,4.3
6,32,1,3.5
5,16,0,4.3
8,22,0,3.3
20,2,0,4.1
10,29,1,3.7
14,11,1,3.0
33,16,0,4.8
10,21,0,4.1
5,13,0,4.0
27,31,0,4.0
26,26,0,4.2
10,30,1,3.5
30,29,0,4.0
23,10,1,3.8
21,11,1,4.3
17,33,1,4.5
16,6,1,4.2
14,1,0,4.0
18,14,0,4.0
28,13,0,4.4
17,32,1,3.1
18,33,0,3.3
23,16,0,3.9
12,19,0,5.0
24,25,0,4.7
10,9,0,3.2
19,14,1,3.6
20,3,0,4.4
28,32,1,4.6
6,35,1,3.9
16,31,0,3.7
16,16,1,4.0
15,29,1,3.5
11,20,1,4.9
21,34,0,3.1
8,27,0,3.7
19,11,0,4.5
13,33,0,4.4
16,5,1,4.2
14,9,1,3.8
1,17,1,4.8
9,22,0,4.2
27,18,1,4.8
18,32,1,4.7
5,32,0,3.2
21,23,0,4.2
2,25,0,4.9
17,4,0,4.2
24,6,1,3.6
6,33,0,4.5
9,34,0,4.0
15,37,1,3.6
25,8,0,3.9
3,25,0,4.8
30,0,1,4.7
24,34,0,4.2
27,25,0,3.2
23,23,0,3.6
22,18,1,4.4
10,28,0,4.1
10,10,1,3.5
10,6,0,4.4
0,35,0,4.3
16,31,0,4.3
21,33,0,4.4
15,35,1,4.9
3,26,1,4.2
14,9,1,4.1
27,27,0,3.5
28,4,1,4.0
32,3,0,3.9
1,9,1,3.9
32,30,0,4.6
18,0,0,3.0
19,33,0,4.8
8,24,0,3.6
14,16,1,3.4
16,13,1,3.3
8,13,1,3.9
29,33,1,3.6
30,15,1,4.4
11,2,0,3.0
31,14,1,3.9
29,1,0,3.8
5,26,1,4.0
3,36,1,3.0
1,19,0,3.8
27,12,1,3.5
3,25,0,4.8
17,30,0,3.7
15,31,0,4.7
4,25,0,4.5
12,37,0,4.4
4,36,1,4.8
0,9,0,4.6
25,9,1,3.2
24,17,1,3.1
17,22,0,3.2
20,13,1,3.2
22,19,1,4.6
12,15,0,3.0
17,3,1,3.4
0,12,1,4.2
1,31,0,4.6
29,16,1,3.7
26,16,0,3.0
25,4,0,3.3
18,9,0,4.4
8,12,1,3.3
14,8,0,3.1
21,15,1,3.8
14,34,0,4.8
10,16,1,4.0
9,12,1,4.3
23,32,0,4.9
31,8,1,4.8
14,35,0,3.1
12,11,1,4.3
29,27,0,4.1
1,13,1,4.9
7,23,1,4.0
21,30,1,4.8
4,32,0,4.5
15,25,0,4.5
33,21,1,4.3
12,32,0,4.9
10,4,0,3.0
11,23,1,5.0
26,5,1,3.0
8,16,0,3.7
12,9,0,4.4
6,22,1,3.4
1,2,0,4.7
3,11,1,3.9
13,32,1,3.8
0,13,0,4.4
2,28,1,3.5
20,33,0,3.5
33,37,0,3.8
27,32,0,3.9
4,6,0,4.5
6,37,0,4.9
26,29,0,3.8
3,17,0,3.3
1,13,1,3.9
21,1,0,3.8
23,37,0,3.2
15,24,0,4.3
3,0,0,3.3
4,23,1,3.5
33,18,0,3.8
11,1,1,3.6
20,29,1,4.9
15,13,0,3.2
24,26,0,3.8
10,33,0,4.0
9,30,0,3.5
7,24,1,4.6
8,21,0,4.7
8,31,0,4.7
26,12,0,3.8
22,10,1,3.4
16,5,1,3.9
5,28,1,3.4
27,36,1,3.8
31,10,1,3.8
7,13,1,3.5
27,12,0,3.7
5,23,1,4.8
21,14,1,3.8
18,17,1,3.8
2,31,1,4.0
32,18,1,4.7
8,37,1,4.6
14,18,0,4.6
14,27,1,3.5
10,28,0,4.1
17,13,0,4.7
6,25,0,3.6
28,2,0,4.6
28,34,0,4.4
10,19,1,4.4
10,22,1,4.6
10,30,0,3.9
4,37,0,4.3
2,25,1,3.4
15,23,1,4.9
26,23,1,3.4
5,12,0,4.4
6,2,1,3.4
21,13,1,3.9
18,0,1,3.6
20,10,1,4.0
8,22,0,3.3
6,36,1,4.6
0,10,1,3.2
19,10,0,3.2
26,36,0,3.5
31,21,1,3.7
15,36,0,3.2
16,13,1,3.1
33,25,0,4.1
24,14,1,3.9
18,12,0,4.5
7,3,0,3.0
4,18,0,3.0
13,3,0,3.2
32,29,1,4.5
18,21,0,3.3
16,33,0,4.1
21,26,0,3.1
27,1,0,3.8
20,6,1,4.9
13,37,1,3.3
28,20,0,3.6
4,12,1,3.6
21,11,0,4.5
11,11,0,3.3
23,2,0,4.2
25,36,0,3.8
32,7,0,3.8
11,8,1,4.1
5,23,0,3.3
16,23,0,3.0
9,37,1,4.7
0,0,1,4.2
17,13,1,4.0
2,16,0,3.7
24,0,0,3.9
22,1,1,3.2
18,6,1,4.3
13,30,0,4.9
22,5,1,3.2
18,26,0,4.3
23,12,1,3.2
16,31,0,3.7
27,12,1,3.7
6,4,0,3.4
7,2,1,3.2
5,6,0,4.6
29,30,1,3.2
0,7,1,3.9
17,28,0,3.6
20,22,1,4.6
15,34,0,4.3
1,24,0,3.4
27,20,0,3.2
14,33,1,5.0
14,9,1,3.5
28,2,1,4.6
11,4,0,3.4
5,14,1,3.1
5,18,1,3.1
9,1,0,4.3
1,14,1,3.0
24,7,0,3.9
7,25,1,4.4
28,32,0,4.2
16,23,1,4.2
24,32,1,3.3
16,9,1,4.3
22,18,0,3.2
5,31,0,3.6
2,16,0,3.6
25,14,0,4.1
16,6,1,4.7
11,9,0,3.2
14,16,0,4.7
10,25,1,3.1
22,10,0,4.9
14,23,0,4.4
23,27,1,4.3
23,17,1,3.4
29,37,0,3.5
14,3,1,3.9
15,0,1,4.3
10,2,0,3.4
30,13,0,4.5
27,14,0,5.0
23,3,1,4.2
13,31,0,3.5
25,31,0,3.6
22,7,1,4.1
27,29,1,3.7
10,31,0,3.6
23,7,0,4.2
6,16,1,3.6
23,5,1,3.0
31,19,0,4.8
28,8,1,4.9
22,6,0,4.3
12,5,0,3.0
21,36,1,3.0
13,6,1,3.6
4,30,1,3.3
27,28,1,3.0
1,1,1,3.2
28,21,1,3.4
26,12,0,4.0
27,2,1,4.6
12,3,0,3.2
16,36,1,3.3
27,19,0,3.3
10,28,1,4.5
0,22,0,4.0
10,33,0,3.2
7,15,1,3.5
6,24,0,3.2
15,13,1,3.8
17,15,0,3.1
27,19,1,4.3
11,2,1,3.7
31,32,0,4.2
6,10,1,3.1
5,14,1,3.1
22,33,1,3.6
19,11,1,4.0
11,20,0,3.5
28,35,1,4.8
7,14,0,4.3
1,5,1,4.0
0,35,1,4.7
13,10,1,3.8
0,31,1,4.4
4,10,1,3.1
30,7,0,4.7
4,11,0,3.5
23,26,1,4.3
33,0,0,3.8
11,37,0,4.1
13,14,0,3.8
9,21,0,4.5
5,14,1,3.1
20,31,1,3.5
8,13,1,4.6
6,10,0,4.3
20,3,0,3.0
31,28,0,4.7
12,34,1,3.4
21,3,0,3.0
18,13,1,4.9
2,31,1,4.9
4,34,0,4.3
27,0,0,3.4
33,10,1,4.1
19,6,0,3.3
19,10,0,3.2
27,35,1,3.5
25,22,0,4.0
19,23,1,3.1
4,35,1,3.8
24,6,0,3.2
0,9,0,3.6
29,23,0,3.8
28,29,1,3.1
21,35,0,4.6
4,10,0,4.1
0,9,0,4.6
5,35,0,4.2
8,5,0,3.0
29,32,1,4.3
30,13,0,4.5
0,0,1,3.5
13,30,0,4.8
27,30,1,4.9
18,37,1,4.4
18,15,1,4.6
1,14,1,3.0
31,34,0,3.8
18,12,1,3.0
8,0,1,4.2
27,21,0,4.7
27,27,1,4.6
15,26,0,4.8
14,35,1,3.3
28,7,0,3.3
26,23,1,3.4
17,32,1,4.5
14,2,1,3.4
31,24,0,3.9
16,9,0,4.1
6,35,0,4.3
7,5,0,3.9
11,5,1,3.0
6,25,0,4.6
32,37,0,3.8
30,2,1,3.6
12,28,0,4.1
17,37,0,4.6
13,30,0,4.8
2,37,1,4.3
30,8,0,4.2
30,5,0,3.3
4,10,1,3.2
3,37,1,4.7
29,27,1,3.7
20,16,1,3.4
7,18,1,3.6
32,32,0,3.4
9,19,0,4.5
8,6,0,3.3
24,33,1,3.6
8,13,0,3.9
17,2,1,3.0
16,10,0,3.1
10,7,1,3.9
27,4,1,3.4
7,6,1,3.5
1,4,1,4.7
11,3,1,3.1
20,22,1,4.8
23,1,1,4.3
22,8,0,4.7
15,25,1,3.9
33,18,0,3.8
13,36,1,4.8
16,23,0,3.9
22,20,0,3.6
12,14,0,4.6
2,15,1,3.8
5,27,0,4.6
1,4,0,3.3
3,25,0,4.6
24,15,0,3.5
27,14,1,3.4
33,23,0,4.0
23,20,1,3.4
10,1,1,4.1
17,22,0,3.3
29,26,1,4.4
21,16,0,4.8
2,27,0,3.6
6,23,1,3.0
14,33,0,4.9
28,3,0,4.6
19,6,1,4.2
23,9,1,3.4
11,21,1,4.4
12,32,1,3.3
15,26,1,4.0
31,0,0,4.3
26,8,0,3.8
16,18,1,4.3
10,6,1,4.5
33,17,1,3.6
30,5,0,4.8
24,18,0,4.3
22,31,1,3.6
12,24,0,4.1
28,33,0,3.1
28,34,0,3.1
20,18,1,4.4
30,23,0,3.4
5,14,0,3.6
9,37,1,4.7
23,22,0,5.0
2,5,0,3.9
1,15,0,4.9
19,1,0,3.6
1,15,0,4.4
12,28,1,4.1
17,31,1,4.6
17,9,1,3.6
16,4,0,4.3
13,34,1,4.7
12,7,0,4.0
3,1,0,3.6
20,17,1,3.2
30,8,0,4.2
2,21,1,3.3
17,2,0,4.2
6,7,1,3.3
24,29,0,4.6
3,1,0,3.6
27,32,0,4.5
0,25,0,4.6
30,29,0,4.2
26,33,1,3.5
26,19,1,3.3
22,16,0,3.2
7,13,1,3.5
30,11,0,3.7
28,28,1,4.4
9,34,1,4.7
14,37,0,3.5
29,28,1,3.1
2,24,1,4.8
4,18,0,3.2
32,0,1,4.1
3,13,0,3.5
8,23,1,4.9
17,7,0,3.3
31,26,0,3.9
23,28,1,4.3
13,13,0,4.8
31,4,0,4.5
25,5,1,3.1
20,11,0,3.9
4,6,0,4.2
10,2,1,4.9
1,14,1,4.8
18,1,0,3.6
17,18,1,5.0
5,3,1,4.9
2,7,0,3.1
11,29,0,4.0
25,34,1,4.1
1,30,0,4.3
6,24,1,3.5
1,27,1,4.9
26,26,0,3.1
23,2,0,4.2
16,31,0,3.7
11,34,1,3.7
32,26,1,3.8
13,33,0,4.4
24,22,1,3.2
19,23,1,3.1
30,32,1,4.3
4,17,0,3.2
20,7,0,4.3
7,37,0,4.7
6,25,0,4.6
11,32,0,4.7
11,27,0,4.6
17,16,0,3.1
10,6,1,4.5
24,11,0,3.8
9,36,1,4.8
17,37,1,3.3
14,29,0,3.4
21,28,0,4.3
24,16,0,3.0
3,27,0,3.7
5,26,1,4.0
3,19,0,3.6
27,13,0,3.7
4,24,1,3.1
25,20,1,4.4
25,13,1,3.2
1,1,0,3.9
18,3,0,4.6
23,7,0,4.7
1,31,0,4.6
19,23,1,3.4
11,3,1,3.0
19,26,1,3.7
28,20,0,3.6
29,7,1,3.8
2,13,1,3.6
3,23,1,3.6
31,20,1,3.1
9,13,0,4.8
19,9,1,3.1
15,22,1,3.4
33,18,0,3.6
5,5,0,4.7
14,10,1,4.4
15,35,1,4.7
29,19,1,3.0
12,30,0,4.1
16,36,0,4.0
25,21,0,4.4
22,23,1,4.8
8,30,0,4.3
31,19,0,3.3
33,35,0,4.3
4,21,0,4.6
21,22,0,4.9
24,16,1,3.3
16,19,1,4.1
30,26,0,4.5
28,11,1,4.8
22,16,1,4.0
32,8,0,4.0
6,3,1,4.7
6,10,0,3.5
14,23,0,4.4
19,30,1,3.2
22,24,0,4.5
19,2,0,3.4
1,0,1,4.4
12,6,1,3.0
24,6,1,4.4
15,3,0,3.0
14,18,0,3.6
6,14,1,3.9
29,23,0,3.8
21,20,0,4.6
1,0,0,3.7
20,3,0,4.8
13,31,0,3.6
17,7,1,4.0
0,36,1,3.5
14,13,0,3.9
22,11,0,4.4
2,25,0,3.5
11,8,0,3.1
13,14,1,3.7
18,2,0,3.3
11,26,0,4.4
32,2,1,3.5
26,7,1,3.5
17,36,1,4.7
0,15,1,3.1
31,23,0,4.5
30,30,0,4.3
9,35,1,3.6
27,29,0,3.4
9,16,1,3.7
22,25,0,4.5
0,26,1,3.7
20,9,0,4.2
1,13,1,4.9
3,34,0,3.7
17,19,1,4.5
10,4,0,3.8
3,11,1,3.8
3,13,1,3.6
20,14,1,4.2
21,24,1,3.0
12,32,1,3.3
6,18,1,4.3
2,31,1,4.9
8,23,0,3.4
19,30,1,3.2
6,32,1,4.8
26,12,0,3.8
5,0,1,4.4
26,32,1,3.5
31,14,0,4.8
24,1,0,3.3
14,13,0,3.9
21,36,0,3.6
30,20,0,3.2
16,16,0,4.6
27,32,1,3.4
13,14,0,4.9
23,8,1,3.9
10,30,0,4.2
16,8,1,4.9
0,12,1,5.0
7,31,0,3.0
25,27,1,3.2
6,33,0,4.5
7,23,0,4.4
27,4,1,3.2
24,4,0,4.3
15,35,1,4.8
18,4,0,3.3
5,1,1,4.3
14,4,0,3.1
21,14,0,4.5
31,5,0,3.8
32,12,1,4.3
9,29,1,3.4
18,2,0,3.3
33,22,0,4.3
26,23,0,3.7
4,1,1,3.0
13,23,1,3.9
10,18,1,3.1
8,29,1,4.1
12,29,1,4.5
26,11,0,3.7
3,34,1,4.1
13,21,1,4.7
12,29,0,4.0
2,36,0,4.0
21,1,0,3.8
15,26,0,4.8
6,32,1,4.8
33,26,0,3.8
12,34,1,3.2
6,8,0,4.0
11,20,0,4.0
0,0,1,4.2
7,4,1,3.0
17,19,0,3.7
26,11,1,4.5
21,1,0,3.8
28,35,1,4.8
33,12,1,4.2
18,27,0,3.1
5,16,0,3.2
33,26,1,3.8
9,15,1,4.8
18,17,0,3.5
25,5,0,3.6
28,7,1,4.9
16,25,1,3.7
31,21,1,3.7
3,28,1,4.5
3,16,1,4.8
21,1,1,3.2
25,12,0,4.7
6,15,1,4.6
23,28,0,3.5
5,23,1,3.3
13,26,1,4.2
11,25,0,4.4
7,36,0,3.7
3,19,0,3.6
4,17,0,3.5
20,33,0,3.5
29,1,1,4.8
9,1,1,4.0
32,15,1,4.5
1,27,1,4.9
14,14,0,3.6
26,6,0,3.6
29,19,1,4.7
12,29,0,3.3
19,27,0,4.3
13,11,0,4.7
9,31,1,3.3
12,6,1,3.0
7,17,1,4.8
10,2,1,3.2
24,7,0,4.5
19,11,1,4.1
29,1,0,3.8
20,6,1,4.9
5,5,0,4.7
21,4,1,4.1
3,36,1,4.9
11,12,0,4.1
12,6,1,3.0
33,10,0,3.4
26,21,1,5.0
19,2,0,4.4
13,21,1,3.3
26,31,1,4.1
9,13,0,4.8
11,26,1,5.0
8,7,1,3.9
12,24,0,3.7
0,22,1,3.8
10,21,0,4.1
14,29,0,3.2
9,27,1,4.3
11,18,0,3.3
15,35,0,3.9
19,4,1,3.8
24,37,0,4.9
5,26,1,3.8
32,21,1,4.3
24,9,0,4.7
30,37,0,4.7
28,13,0,3.6
20,18,0,3.7
26,3,1,4.0
3,24,0,3.3
7,27,1,3.1
3,22,0,3.3
28,10,0,3.0
2,34,0,4.8
19,7,0,4.2
14,35,0,4.3
6,8,0,4.5
6,2,1,4.0
25,20,1,3.1
17,25,1,3.2
21,29,1,3.7
19,0,1,4.3
23,2,0,4.7
7,9,1,3.6
27,25,1,3.7
8,12,1,3.9
17,31,0,3.6
15,20,1,4.5
25,34,0,4.6
30,25,0,4.6
12,15,0,3.5
13,31,0,3.6
31,23,0,3.1
5,23,1,3.3
11,10,1,4.4
30,20,1,3.9
29,32,1,4.3
30,37,0,4.7
10,6,0,4.4
9,36,1,4.2
11,16,1,4.5
14,9,1,3.1
30,5,0,4.3
12,4,0,3.1
11,11,0,4.4
8,23,1,4.4
7,9,1,3.6
20,21,0,3.0
5,9,1,3.7
20,5,1,3.3
0,22,0,3.6
28,24,1,3.5
6,17,0,4.7
10,20,0,4.9
17,6,0,4.5
1,30,1,4.6
0,36,0,4.3
30,22,0,4.5
25,19,0,4.4
29,18,0,4.7
33,36,1,3.3
6,32,1,3.5
0,18,1,4.3
10,5,1,4.9
16,11,0,3.3
12,11,1,3.2
16,33,1,4.1
26,10,1,3.5
12,9,1,3.4
7,3,1,4.8
3,30,1,4.5
28,17,1,4.9
10,0,1,3.3
3,17,0,3.9
29,2,0,3.4
27,27,0,3.5
8,15,1,4.4
25,25,0,4.6
22,16,0,4.8
24,11,0,3.8
9,13,1,4.6
15,31,1,3.8
11,20,1,4.9
22,23,1,3.1
28,27,1,3.5
10,21,0,3.4
11,21,0,4.0
32,18,1,3.5
19,37,0,3.7
1,36,1,3.4
27,37,1,3.6
15,22,0,3.6
17,34,1,3.4
13,35,0,3.6
10,29,1,3.2
11,13,0,4.6
20,23,1,3.2
1,29,0,4.1
4,36,0,3.8
13,28,1,4.6
17,22,0,4.7
30,12,1,4.9
28,29,0,4.4
10,1,1,4.1
3,26,0,4.9
7,23,0,4.3
12,15,1,4.6
30,10,0,4.2
28,2,0,4.5
17,21,0,4.9
1,25,0,3.4
25,9,0,3.1
28,6,1,4.7
29,25,1,3.0
14,13,0,3.9
18,12,0,4.2
3,25,0,4.6
23,18,1,4.8
14,24,0,4.4
18,36,1,3.4
33,15,0,4.0
6,14,0,4.6
24,3,0,3.5
30,8,0,3.3
12,20,1,4.1
7,4,1,3.0
7,13,1,4.2
3,7,0,3.4
14,28,0,4.1
9,17,0,4.7
22,14,1,5.0
19,18,1,3.3
18,16,1,4.0
0,2,0,3.3
21,34,0,3.1
15,12,0,4.2
27,26,1,3.2
33,24,0,3.2
7,33,0,4.6
20,34,1,3.6
17,4,0,4.2
6,4,0,3.4
26,33,1,3.5
19,11,0,3.5
3,30,0,4.5
8,12,1,3.3
33,11,0,3.9
18,32,1,4.7
1,16,0,4.4
14,5,0,4.9
30,33,1,5.0
2,28,1,3.5
19,11,0,3.5
24,6,1,4.4
21,33,0,4.4
8,18,0,4.7
20,35,1,4.9
33,4,1,4.4
1,30,0,4.1
11,13,1,4.6
24,26,0,3.8
29,14,1,3.2
30,22,1,4.0
21,25,0,4.6
21,7,0,3.2
30,22,0,4.5
31,28,0,4.8
1,28,0,3.9
17,0,0,3.8
25,5,0,4.1
8,16,0,3.7
27,3,1,3.7
4,29,0,3.3
25,10,1,4.6
16,9,0,4.1
13,34,0,3.6
4,0,0,4.7
33,6,0,3.8
7,31,1,4.5
0,1,0,3.8
4,36,0,3.7
7,24,1,3.9
2,25,0,4.0
4,22,0,3.3
31,6,1,3.7
6,13,0,3.1
32,24,0,4.9
21,18,0,4.8
22,7,0,4.0
29,16,1,3.7
28,28,1,4.4
24,16,0,3.0
32,1,0,4.2
7,17,0,4.8
30,25,1,3.2
9,21,0,4.0
22,35,0,4.9
31,2,0,4.0
15,32,0,4.8
14,1,0,4.4
14,32,1,3.0
18,30,0,3.8
2,26,0,4.1
1,9,1,3.9
11,18,0,3.2
23,14,0,4.3
19,26,0,3.2
14,1,0,4.0
3,2,1,3.3
17,37,0,3.7
28,25,1,3.5
14,24,0,3.3
12,17,1,4.4
27,15,1,3.7
9,32,0,4.3
14,34,1,3.9
29,14,1,3.2
33,27,0,3.3
10,28,1,4.5
31,24,0,3.9
28,29,0,4.4
29,1,0,3.4
8,1,1,4.1
16,19,1,3.1
17,35,1,3.1
2,30,0,4.3
16,23,0,3.9
26,8,0,3.6
18,0,0,4.1
22,1,1,3.4
15,4,0,4.4
13,3,0,3.2
19,24,0,3.5
20,6,0,3.4
8,17,0,3.4
28,37,0,3.0
30,9,1,3.7
22,5,1,4.5
33,12,1,4.8
7,20,0,3.3
17,33,0,4.1
18,10,0,3.2
27,1,0,3.5
8,22,0,3.3
3,33,0,3.8
14,33,0,4.9
11,22,1,4.5
7,25,0,4.8
26,2,0,3.6
28,4,0,4.2
28,20,1,4.3
3,36,1,3.0
24,1,1,4.5
18,14,0,3.1
17,21,0,3.3
28,26,1,3.4
10,10,1,3.9
30,36,1,4.7
28,15,0,4.7
24,30,0,4.6
4,36,0,3.3
25,15,0,4.9
0,7,1,3.1
14,27,0,3.7
13,22,1,4.8
24,1,0,3.1
7,9,0,4.3
19,4,0,4.3
16,4,0,4.3
30,17,1,4.3
7,34,0,4.9
21,23,0,4.0
7,11,0,4.9
12,26,1,3.9
25,9,0,3.9
11,36,0,4.9
6,32,1,3.3
16,4,0,4.8
16,16,1,3.4
21,30,1,4.8
4,6,0,4.5
28,3,1,4.7
9,36,0,3.8
8,28,1,3.3
14,5,0,3.9
17,2,0,3.7
11,16,0,4.5
28,29,1,4.4
30,0,1,4.8
10,27,1,4.0
8,37,1,4.5
21,12,0,4.9
14,19,0,3.4
12,12,1,4.1
18,23,0,3.4
24,15,0,4.8
13,26,1,4.2
21,16,1,4.5
13,28,1,4.6
6,0,0,3.6
6,2,1,3.6
16,5,1,4.2
16,16,0,3.3
1,33,1,4.1
32,28,0,4.9
8,2,1,4.5
9,30,0,4.6
21,37,0,3.1
17,13,0,4.7
4,1,1,4.4
7,2,1,4.3
22,35,0,4.9
31,9,0,4.7
18,33,1,4.8
6,10,1,4.5
14,10,0,3.9
20,28,0,3.1
7,23,1,3.7
3,15,1,4.2
19,15,1,4.8
1,17,0,5.0
12,16,1,3.3
11,20,0,3.5
11,7,1,4.6
33,11,1,4.0
18,17,0,3.7
18,31,1,4.9
11,37,0,3.2
18,0,1,4.8
12,6,1,4.8
5,6,1,4.5
11,25,0,4.4
4,33,1,3.3
31,17,0,4.0
31,27,1,3.9
7,2,1,4.3
4,4,1,3.4
27,18,1,4.8
30,4,0,3.8
3,17,0,3.9
11,22,1,4.9
5,32,1,4.5
18,4,1,4.2
25,14,1,4.3
21,16,0,4.4
12,19,0,3.9
21,23,1,4.9
7,28,1,3.9
29,27,0,4.0
11,13,1,3.6
18,3,0,4.6
25,24,0,3.7
31,4,0,4.2
25,7,0,4.3
11,10,0,3.2
16,7,1,3.8
15,26,1,3.6
31,25,1,4.8
17,7,1,3.3
25,16,1,3.8
6,8,1,4.1
25,9,0,3.7
1,4,1,3.9
18,9,0,3.8
25,37,0,4.1
11,26,0,4.8
28,19,0,5.0
30,13,1,3.1
31,26,0,4.4
25,4,0,3.3
17,26,1,3.1
19,0,1,4.3
33,12,1,4.2
29,7,0,3.8
14,19,0,3.8
17,2,0,4.8
13,14,0,4.5
14,13,0,3.4
19,3,0,3.0
2,18,1,3.8
24,16,0,3.0
18,9,0,4.6
28,5,1,4.7
19,19,0,4.3
11,7,1,3.2
31,19,1,4.2
28,29,0,3.2
18,7,0,4.0
13,3,1,3.3
25,13,0,4.3
23,17,1,4.7
19,11,0,4.8
20,28,0,3.1
7,0,0,3.6
1,22,1,4.5
23,10,1,3.2
1,26,0,4.7
14,14,0,4.8
11,27,1,3.4
26,12,0,3.2
29,14,0,3.7
18,31,0,4.6
8,5,0,4.7
15,19,0,4.7
31,11,1,3.4
19,9,1,3.1
13,14,0,4.9
33,10,1,4.1
33,21,1,5.0
3,8,1,4.5
26,19,1,3.3
6,29,1,4.4
20,1,0,3.4
9,17,0,3.2
4,34,0,4.5
22,31,1,3.6
19,18,1,3.3
32,25,1,3.9
17,33,0,4.3
33,7,0,3.7
5,32,1,4.5
3,4,1,3.4
10,4,0,3.0
30,37,1,3.7
13,7,1,4.2
7,21,1,3.5
2,29,0,3.3
28,16,0,3.1
27,1,0,3.7
23,26,0,4.5
29,0,1,3.3
28,29,0,4.4
1,33,0,3.6
25,15,1,3.6
15,5,1,4.0
14,7,1,3.7
33,32,0,4.8
26,19,0,4.1
18,31,1,4.9
11,22,1,4.9
23,10,1,3.2
10,2,1,3.6
2,21,1,3.6
27,4,0,3.5
22,4,0,4.2
9,27,1,4.3
10,4,1,4.9
10,6,0,4.4
11,8,0,4.8
5,18,1,4.3
25,9,0,3.7
29,15,1,4.1
12,12,1,4.8
10,37,0,4.4
24,30,0,4.7
4,7,1,4.4
11,15,0,3.3
9,6,0,3.5
11,30,0,3.7
17,23,0,4.0
26,12,0,4.0
15,28,0,4.0
10,30,1,4.1
2,37,1,4.3
7,4,0,3.8
28,0,0,4.1
14,34,0,4.5
13,36,1,4.8
0,32,1,3.8
19,24,0,4.3
29,10,1,3.0
10,25,1,3.1
21,28,1,3.8
9,36,0,4.8
25,33,1,3.1
29,1,1,3.7
8,9,0,4.3
22,2,0,3.8
17,7,0,3.3
18,31,0,3.7
1,33,0,3.2
8,5,0,4.7
18,3,0,4.6
30,0,1,4.8
24,3,1,4.7
6,22,0,3.8
28,11,1,4.1
9,24,0,4.3
25,19,0,4.4
16,9,1,3.9
4,3,0,4.5
28,20,1,4.3
23,3,0,4.3
1,15,0,4.6
1,7,1,3.2
8,5,0,4.7
9,5,0,3.3
27,31,0,4.1
13,1,1,3.2
24,9,0,3.6
5,14,0,4.4
10,33,0,4.9
0,2,0,3.3
15,35,0,3.9
16,17,1,3.9
3,32,0,4.1
6,25,0,3.6
1,22,0,3.8
13,21,1,3.3
1,4,1,4.0
12,37,0,4.4
6,35,0,3.2
16,16,0,4.6
4,28,1,3.4
19,32,0,4.7
15,11,0,5.0
30,0,1,4.1
19,14,1,4.0
15,1,1,3.6
12,22,0,3.6
4,28,1,3.8
24,7,0,3.9
8,30,1,3.7
32,1,0,4.2
30,30,0,4.3
27,16,0,4.4
19,5,0,3.2
27,37,1,4.9
17,7,1,4.0
29,27,0,5.0
13,30,1,4.0
20,35,0,4.6
1,32,1,4.4
1,0,1,4.4
10,31,0,3.1
3,17,0,4.3
12,26,1,4.8
26,23,0,3.7
29,4,1,4.1
14,2,1,3.4
19,35,0,3.7
29,28,0,4.1
26,0,1,5.0
23,2,1,4.0
6,9,1,4.8
14,34,0,3.7
5,3,1,4.9
26,7,1,3.5
16,23,0,4.9
19,11,1,4.1
7,6,0,3.7
0,15,1,4.7
7,6,0,3.2
27,27,0,3.5
29,1,1,3.7
7,3,0,3.0
33,18,0,3.6
15,20,1,3.6
7,25,1,4.3
22,30,1,4.8
17,18,1,3.2
21,31,1,3.3
24,15,0,4.2
18,37,1,3.6
24,2,1,4.6
29,19,1,3.0
5,15,1,3.3
18,17,1,3.8
33,35,0,4.6
0,7,1,3.1
11,7,0,4.3
6,25,0,3.6
0,6,0,4.4
10,19,1,4.7
16,16,1,3.4
30,32,1,3.9
28,8,1,4.9
33,1,1,3.8
10,8,0,4.7
33,21,0,3.6
19,5,0,4.7
3,0,1,4.4
13,10,1,3.8
4,25,0,4.4
0,14,0,4.6
29,5,0,4.2
25,35,0,3.0
22,3,1,4.2
0,24,0,4.9
22,21,1,4.6
25,36,0,3.8
23,7,0,4.2
11,33,0,3.8
4,25,0,4.2
13,18,0,4.6
30,14,1,3.0
19,10,0,3.2
11,15,1,4.8
27,37,0,4.9
18,31,1,4.9
1,12,1,3.6
7,9,0,3.4
14,21,1,3.5
11,9,1,4.5
32,2,1,4.4
28,30,1,4.4
12,22,1,4.2
28,36,0,4.6
26,16,0,4.7
21,26,0,3.1
6,4,0,3.4
25,31,0,4.5
24,33,1,3.6
32,32,1,3.6
22,27,0,3.1
24,17,1,3.1
12,25,1,4.2
23,28,0,3.5
27,16,0,4.4
24,32,1,3.7
23,22,0,4.7
26,8,0,3.6
33,8,1,3.0
31,8,1,4.7
16,23,1,4.6
0,16,1,5.0
23,17,1,4.7
18,36,1,3.4
25,31,1,4.0
27,23,0,3.5
29,11,0,4.7
16,23,0,3.0
24,4,0,3.6
13,22,0,3.5
32,18,1,3.4
26,31,1,3.3
9,8,0,3.6
13,21,0,4.3
3,33,1,3.7
21,15,1,3.2
4,6,1,3.7
11,4,0,3.4
33,30,0,3.4
22,13,0,4.1
24,30,0,3.7
32,14,0,4.6
8,29,0,3.9
16,6,0,3.3
26,36,0,3.2
9,10,0,4.1
8,7,0,3.4
19,16,0,3.0
16,28,1,3.7
23,30,0,3.9
20,13,1,3.8
3,33,0,3.8
16,23,1,3.9
30,5,0,4.9
7,6,0,3.7
7,18,1,3.6
32,15,1,3.8
22,33,1,3.6
0,10,0,4.3
12,31,1,3.1
14,36,1,3.6
11,22,0,3.6
12,3,1,3.6
3,17,0,3.9
32,0,0,3.6
11,16,1,4.5
3,10,0,3.8
25,20,1,4.4
5,0,1,4.2
22,9,0,4.9
6,16,1,3.6
31,9,1,3.1
27,27,0,3.4
10,22,1,4.6
31,14,0,3.9
16,17,0,3.5
0,28,1,4.6
29,13,1,3.7
13,9,1,3.1
20,8,0,3.7
24,18,1,3.0
13,3,1,3.3
22,11,1,4.4
16,32,0,4.5
20,14,1,3.9
3,3,0,3.7
32,24,0,4.9
2,25,0,4.1
11,10,0,3.9
31,19,0,3.3
2,16,1,4.4
4,25,0,4.4
10,29,1,3.9
17,31,1,3.1
8,26,0,4.9
10,25,0,4.5
21,14,0,3.1
21,25,0,3.3
14,7,1,3.7
6,4,0,4.8
29,17,1,3.1
33,23,1,3.4
4,12,1,4.9
32,14,0,3.0
30,7,0,4.7
16,0,1,3.7
19,26,1,3.1
24,9,0,4.1
29,11,0,4.7
8,20,0,3.8
25,3,1,3.5
30,6,0,4.0
4,6,0,4.5
29,29,0,3.1
15,6,1,4.2
6,34,1,4.8
9,26,0,3.3
0,37,0,4.0
13,21,1,3.3
33,8,0,4.1
18,14,1,3.6
17,21,0,3.6
15,18,1,3.6
7,23,0,4.4
12,7,1,4.3
14,35,0,4.3
2,11,0,4.0
15,4,1,4.8
14,37,0,4.2
6,24,0,3.2
5,23,1,4.8
11,1,1,4.1
24,14,1,3.9
25,1,1,3.8
5,20,0,4.6
4,2,1,4.2
18,32,0,4.2
28,16,1,3.7
5,17,0,4.4
28,7,0,3.6
33,27,0,3.3
22,2,0,3.8
27,28,1,3.3
8,12,0,4.2
33,4,1,3.9
14,16,1,3.4
11,5,0,3.0
27,1,1,5.0
29,23,0,4.7
17,12,1,4.5
6,15,1,4.6
13,31,0,4.8
15,23,1,4.9
13,9,1,3.1
30,27,1,4.4
20,28,0,3.1
16,34,0,3.6
8,17,1,3.5
17,18,0,3.2
15,25,1,3.7
31,2,0,4.0
28,24,1,3.5
20,3,0,3.5
8,5,0,3.9
23,16,1,3.6
28,19,0,3.1
31,24,0,5.0
11,15,1,3.9
29,27,1,3.7
14,9,1,3.8
0,24,1,3.1
3,14,0,3.6
2,3,1,3.6
26,32,1,3.6
10,6,0,4.4
19,8,1,3.6
7,2,1,4.4
0,19,1,4.7
18,24,0,4.9
3,36,1,4.9
1,4,1,4.0
9,22,1,4.6
29,20,1,3.3
8,32,0,3.9
20,34,1,3.6
0,16,0,3.8
32,17,1,4.1
29,0,1,3.9
8,29,1,4.8
18,4,0,3.6
30,19,1,3.6
10,37,0,4.4
29,26,1,4.4
17,33,1,4.5
28,4,0,4.2
6,10,0,4.9
24,12,0,3.7
1,6,0,5.0
33,4,1,4.1
30,10,0,4.9
29,32,0,3.1
0,8,1,3.6
11,1,1,4.1
22,9,0,4.9
13,18,1,4.1
24,6,0,3.8
17,32,1,3.7
25,31,0,4.5
6,15,0,4.4
1,0,1,4.4
30,16,1,3.5
26,8,0,3.1
18,1,0,3.6
33,28,1,4.2
33,11,1,3.4
4,11,0,3.6
7,10,0,4.1
15,30,1,3.5
32,11,1,3.4
0,32,0,4.9
3,17,0,3.9
12,6,1,4.8
8,3,1,4.6
15,37,1,4.5
23,33,1,4.7
11,12,1,3.0
10,21,0,4.1
1,29,0,4.1
25,5,0,4.6
21,11,0,4.5
6,17,0,4.9
4,32,1,4.1
1,2,0,3.1
33,24,1,3.1
10,26,1,3.8
20,36,0,3.5
13,19,0,3.8
4,35,1,3.8
10,31,1,4.1
10,25,0,4.5
18,2,0,3.3
0,3,1,4.5
22,24,1,3.1
2,37,1,4.3
30,4,1,3.8
18,29,1,4.3
33,13,0,3.1
16,35,1,3.8
27,12,0,3.7
3,15,1,4.3
29,7,0,3.8
32,11,1,3.4
8,32,1,3.4
3,19,0,3.5
11,2,1,3.5
12,12,1,4.1
26,8,0,3.9
21,18,1,5.0
32,2,1,3.5
15,31,0,4.7
1,15,0,3.9
9,32,0,4.3
9,1,0,4.3
2,35,0,4.5
8,12,1,3.3
28,6,1,4.7
8,14,1,4.9
24,1,0,4.8
14,18,0,3.6
0,26,1,3.4
17,11,0,3.6
8,2,1,3.1
23,7,0,4.4
4,1,1,3.0
7,21,0,3.5
29,28,0,4.1
16,28,0,3.0
27,20,0,4.7
25,6,1,4.8
33,24,1,3.3
26,31,1,4.1
8,24,1,3.3
31,21,1,4.9
30,6,1,4.0
30,26,1,4.5
11,11,0,4.4
14,14,0,3.4
8,29,1,4.1
27,26,1,4.2
33,37,0,3.2
30,15,1,4.4
8,5,0,4.7
29,25,1,4.8
30,17,1,3.1
31,21,0,4.2
17,20,0,4.9
23,7,0,4.0
25,33,0,4.1
33,16,0,3.8
8,24,1,3.3
30,17,1,3.1
12,25,0,4.5
20,30,0,3.6
15,28,1,4.5
1,9,1,3.9
17,36,1,3.2
7,23,0,4.4
14,3,0,3.7
28,16,1,3.7
13,16,0,3.7
1,12,0,4.4
23,29,1,4.6
17,22,0,3.2
14,22,0,4.7
18,14,0,4.0
30,8,0,4.2
22,12,0,4.3
25,16,1,5.0
22,2,0,3.8
10,1,1,3.4
25,10,1,3.2
6,1,0,3.7
0,2,0,3.2
30,3,1,3.9
14,35,0,4.2
6,10,1,4.5
11,37,0,4.3
18,14,1,3.6
22,21,0,4.4
12,21,0,4.9
14,34,0,3.7
12,19,1,4.6
6,18,1,4.3
7,23,1,3.3
16,28,1,3.7
29,19,1,4.7
11,10,0,4.6
5,30,1,3.5
15,6,1,4.2
17,26,1,4.9
24,19,1,3.1
29,11,0,4.7
20,5,0,4.8
15,10,0,4.6
2,37,1,4.3
25,34,1,4.1
6,1,0,3.7
0,12,1,4.2
16,17,1,3.9
2,7,1,4.3
9,8,1,3.9
4,24,1,3.2
11,17,1,4.7
12,13,0,3.6
13,14,0,3.9
13,33,0,4.4
31,11,0,4.8
7,21,1,3.8
0,2,0,3.3
10,13,0,3.9
7,12,0,4.1
26,19,0,4.9
11,18,0,4.5
30,0,1,4.8
15,34,0,3.9
0,6,0,4.4
0,24,1,3.6
29,10,1,3.0
30,0,1,4.1
24,6,0,3.2
3,28,1,4.5
1,15,0,4.2
24,19,1,3.1
28,20,0,4.1
10,0,1,4.2
13,3,1,4.3
5,30,0,3.1
30,36,0,3.4
5,19,0,3.3
9,19,1,4.6
32,21,0,4.4
28,4,1,3.7
23,18,1,4.8
6,3,0,4.5
27,24,0,4.0
23,1,0,4.5
32,17,1,4.1
18,2,1,4.0
28,9,0,4.4
28,4,0,4.7
18,37,1,4.4
31,28,1,4.2
6,10,1,4.5
16,31,1,4.2
19,4,1,3.8
28,9,0,3.6
1,21,1,4.3
3,24,0,4.5
11,28,0,4.4
28,10,0,4.7
12,13,0,3.7
14,5,0,3.9
22,7,0,3.6
30,20,1,3.1
28,9,0,3.6
20,31,1,3.5
12,18,0,4.9
2,13,0,3.9
31,21,1,3.7
8,5,0,3.9
17,18,0,3.2
22,27,0,4.4
18,10,1,4.0
25,0,0,3.1
1,14,1,4.3
9,28,0,3.4
26,7,1,3.5
2,32,1,3.6
33,8,1,3.7
22,28,0,3.4
19,11,0,3.5
7,26,1,3.4
32,2,1,3.5
13,34,0,3.6
11,17,1,4.7
13,34,1,3.8
29,3,1,3.0
12,29,0,3.3
12,30,1,4.5
10,15,1,3.9
20,35,0,4.8
24,25,1,3.7
13,34,1,3.4
9,24,1,4.8
25,34,0,3.0
3,19,0,3.5
14,34,0,4.8
15,10,1,3.5
15,19,0,3.0
2,34,1,4.1
7,19,1,3.8
26,23,0,3.7
27,12,1,3.5
32,11,0,3.5
28,29,1,4.4
17,21,1,4.6
13,33,0,3.5
27,0,0,3.4
9,15,1,3.0
24,20,0,4.1
23,5,0,4.0
2,16,0,3.9
17,16,1,5.0
25,5,1,4.0
33,11,0,3.9
4,14,0,3.2
17,2,0,4.8
17,27,1,4.6
7,33,1,4.6
17,32,1,3.1
10,7,1,3.9
2,15,1,3.8
21,24,1,4.2
0,18,0,3.5
33,1,1,3.8
8,15,1,3.6
33,11,1,4.0
4,5,1,3.8
3,2,1,3.3
11,18,0,3.3
17,13,0,3.1
0,3,1,3.6
22,32,1,4.6
0,4,1,3.6
21,8,1,4.9
14,24,0,4.7
14,22,0,4.7
18,17,1,4.4
17,30,0,3.7
23,15,1,4.5
31,22,1,3.4
18,30,0,3.9
10,2,0,3.4
29,37,1,3.1
0,25,0,4.6
25,16,0,4.3
9,26,1,4.7
24,4,0,3.6
6,4,1,3.2
15,3,0,4.8
0,5,1,4.2
29,28,1,5.0
7,6,0,3.7
25,33,1,3.8
24,27,0,3.0
6,2,1,3.6
4,32,0,4.5
33,17,1,3.1
1,13,1,3.9
0,6,1,3.4
0,27,0,4.8
18,23,0,4.7
25,35,1,3.3
29,30,0,4.3
3,19,0,3.6
10,12,1,3.8
6,22,1,4.2
6,1,1,4.3
6,31,1,3.9
27,11,1,3.7
16,36,1,3.3
8,34,0,3.6
8,30,1,4.8
29,27,1,4.5
8,16,0,3.7
3,25,0,3.9
30,4,0,3.8
23,28,1,4.1
12,30,0,4.1
1,13,1,4.9
19,16,0,4.4
10,5,1,4.9
4,36,0,3.8
27,5,1,3.5
23,5,0,4.4
26,3,0,3.4
2,34,0,4.8
27,37,1,3.1
33,7,0,4.7
32,28,0,4.1
22,5,1,4.5
6,1,0,3.7
5,34,1,4.5
1,21,0,3.2
2,9,1,4.7
7,5,0,3.9
26,25,0,4.2
17,37,1,3.3
20,13,1,4.0
22,5,0,4.7
29,28,1,5.0
4,12,1,3.6
20,29,1,4.9
20,33,1,4.6
21,37,1,3.4
20,14,1,3.4
14,14,0,3.4
22,34,0,4.6
29,35,1,3.4
30,29,1,4.7
16,22,0,3.5
4,22,0,3.3
9,24,1,4.8
22,18,1,4.4
3,24,0,4.5
7,25,1,4.3
15,5,1,4.0
26,0,1,5.0
1,7,1,3.8
6,31,1,3.9
6,30,0,4.4
28,20,1,4.3
24,25,1,3.7
10,1,1,4.1
7,23,1,3.7
15,26,0,3.9
18,17,1,3.8
31,12,0,5.0
8,0,1,4.2
11,11,0,3.3
21,17,1,4.1
6,18,1,4.0
31,21,0,4.2
21,24,1,4.8
13,18,0,4.6
9,22,0,3.5
28,20,1,4.3
8,12,0,4.3
25,21,1,4.2
14,9,1,3.1
12,26,0,3.0
1,33,0,3.5
28,36,1,3.7
12,13,1,4.3
10,15,0,3.0
28,20,1,4.1
14,9,1,3.8
1,30,1,4.6
5,37,0,3.7
7,36,0,4.7
29,30,1,3.7
14,0,0,4.0
19,16,0,4.4
25,10,0,4.7
26,8,1,4.2
5,34,1,4.5
31,3,1,4.1
14,5,0,4.9
10,21,1,3.6
0,6,1,3.9
0,26,1,3.4
28,5,1,4.7
15,6,0,4.3
26,36,0,4.6
20,6,1,4.9
12,21,1,3.1
22,32,1,4.6
31,30,0,3.2
4,34,0,4.3
23,25,0,4.9
11,12,1,3.0
29,24,1,3.1
24,37,0,4.9
0,7,1,3.7
33,8,0,3.7
23,31,0,3.3
24,31,0,3.8
27,21,1,4.7
7,22,0,4.6
16,33,0,3.3
33,15,0,4.0
18,14,1,4.3
31,34,0,3.9
12,30,1,4.5
2,11,0,4.0
32,19,0,3.5
30,5,0,4.8
9,34,1,4.7
3,17,0,3.9
14,35,1,4.3
12,14,0,4.6
30,12,1,3.4
28,0,0,3.3
8,26,0,4.3
3,1,0,3.6
30,4,1,3.2
8,19,1,3.2
24,3,0,3.8
15,23,1,3.8
27,0,0,3.4
11,2,0,3.9
29,19,1,3.0
31,14,0,4.8
17,16,0,4.1
26,20,1,3.3
22,7,0,3.6
14,18,1,3.4
15,10,0,4.6
2,32,0,3.2
26,11,1,4.5
33,37,0,3.2
23,20,1,3.4
19,27,0,4.8
13,31,0,4.8
28,11,1,3.0
15,22,0,3.6
30,24,1,3.9
1,21,1,4.1
4,14,1,5.0
28,36,0,3.7
2,25,0,3.5
8,5,0,3.9
12,28,0,3.1
1,9,0,4.3
32,14,0,4.6
8,9,0,3.3
10,19,1,4.7
33,30,0,3.4
2,34,0,4.8
11,26,0,4.8
4,26,1,3.1
20,10,0,3.8
11,7,1,3.2
13,36,0,4.7
33,4,1,4.4
6,11,0,3.7
2,28,0,3.2
8,7,1,3.2
21,37,1,4.5
8,21,0,4.7
27,37,0,4.9
27,36,0,3.9
8,3,1,4.6
21,35,1,4.1
32,22,0,4.1
1,15,1,3.5
25,20,1,3.1
29,16,1,3.9
15,4,0,4.4
31,2,0,3.0
15,9,0,4.5
11,12,0,3.5
6,2,1,5.0
16,25,1,4.3
8,5,1,3.9
31,27,0,3.5
33,34,1,3.2
13,17,1,4.6
17,33,0,4.2
12,29,0,4.0
30,37,1,3.3
17,2,1,3.1
24,21,0,4.3
13,14,0,3.8
20,16,0,4.3
21,14,1,3.1
27,26,0,4.9
1,13,1,4.9
26,31,1,4.1
25,31,0,3.6
19,15,1,4.5
15,16,0,4.4
29,30,0,3.9
33,31,1,3.6
3,34,0,3.4
18,32,0,4.2
16,28,1,4.1
21,28,0,3.3
23,2,1,4.0
22,10,0,4.9
26,5,1,3.7
27,29,1,4.9
13,30,1,4.0
25,19,1,3.2
30,0,1,4.1
2,28,0,4.8
6,22,1,4.2
33,20,0,4.0
32,0,1,3.8
15,17,1,3.9
11,9,1,4.5
3,28,1,4.7
18,4,1,4.8
8,18,1,5.0
18,9,1,5.0
15,36,0,3.8
23,4,1,3.3
16,5,1,4.7
20,8,0,3.7
14,35,1,3.3
7,1,1,4.7
17,17,0,4.3
28,15,0,4.0
6,16,0,4.5
15,29,0,4.9
7,6,0,3.2
14,28,1,4.1
26,10,0,3.4
11,9,1,4.5
19,19,0,3.0
17,32,0,3.3
19,32,0,4.7
17,33,0,4.0
5,19,0,3.3
32,31,0,4.7
18,34,0,3.8
14,6,0,4.1
1,26,1,3.8
29,5,1,4.3
15,0,1,4.3
9,5,1,4.8
4,3,0,3.9
1,3,0,4.8
3,1,1,3.6
15,11,0,5.0
30,15,0,4.4
7,33,0,4.1
5,12,1,4.6
12,2,0,3.0
14,29,1,4.6
8,37,1,4.6
24,33,0,3.3
25,27,0,3.4
8,21,1,4.7
1,17,1,4.8
27,11,1,3.6
24,17,0,3.2
26,22,1,4.3
20,7,0,4.9
32,21,1,4.3
22,10,0,4.9
20,16,1,3.4
1,37,1,3.8
17,24,1,3.8
22,23,1,3.4
0,16,0,3.8
17,14,1,3.2
23,10,1,3.2
18,30,0,3.4
32,15,1,3.8
31,26,0,5.0
25,5,0,3.6
31,11,0,4.8
3,1,0,3.6
20,33,0,3.4
26,28,1,3.2
27,17,1,4.5
33,1,0,4.5
20,2,0,4.1
23,28,1,4.4
17,22,0,3.2
8,33,1,3.4
32,15,0,4.9
23,25,0,4.0
3,12,0,3.8
26,16,0,3.0
7,24,1,3.5
16,5,0,3.6
15,13,0,3.2
12,30,0,4.4
28,17,0,4.4
11,18,0,3.1
28,11,0,4.1
20,12,0,3.3
9,30,0,4.6
9,15,1,4.8
26,26,0,4.2
28,20,0,4.1
4,36,1,3.8
24,9,1,3.9
26,36,0,3.5
17,37,0,3.7
11,3,1,3.7
17,36,1,3.1
15,37,1,4.5
28,34,1,4.9
12,28,1,3.4
1,12,0,3.6
3,35,0,4.7
31,3,0,4.5
16,2,0,4.6
11,19,1,4.1
24,1,0,4.5
1,30,1,4.6
26,9,1,4.2
29,18,1,3.7
33,3,1,4.6
13,2,1,4.2
10,15,0,4.0
12,7,1,4.4
11,16,1,4.5
4,0,1,3.6
10,0,1,4.2
8,29,1,3.4
14,36,1,3.4
13,17,0,4.6
3,35,1,3.4
33,14,0,3.4
18,3,0,4.5
33,1,1,3.8
27,20,0,4.9
10,9,1,4.1
15,36,1,4.3
21,26,1,3.7
11,2,1,3.6
11,1,1,4.1
27,36,1,3.8
33,23,0,4.0
30,29,1,4.4
1,7,0,4.1
30,3,0,3.0
11,6,1,4.1
14,9,1,3.1
7,7,1,3.2
8,23,1,4.5
30,17,0,3.1
19,20,0,3.2
8,36,0,3.6
4,21,0,3.4
13,30,0,4.8
1,28,0,3.9
11,10,0,3.2
1,14,0,4.8
13,17,1,4.6
6,34,0,4.4
0,29,0,5.0
23,7,1,3.1
8,19,1,4.9
2,11,0,4.5
24,21,1,4.0
17,29,0,4.9
15,35,0,3.9
13,21,0,4.3
17,6,1,4.4
13,20,0,4.6
28,9,0,3.6
6,11,1,3.5
13,35,0,3.9
27,10,0,3.9
19,24,0,4.3
24,26,0,3.1
9,24,1,3.4
31,23,1,4.8
12,19,0,5.0
2,8,1,3.5
7,2,0,4.0
18,1,0,3.5
33,32,1,3.6
11,11,0,3.3
5,23,0,3.1
8,9,0,4.3
9,5,0,4.3
19,27,0,5.0
20,37,0,3.7
13,15,0,4.5
25,24,1,3.9
10,21,0,4.9
16,29,0,4.0
27,29,0,4.9
27,15,1,3.5
16,13,1,3.3
17,30,1,3.3
3,36,0,3.0
18,26,1,4.4
3,15,1,4.2
12,15,0,3.0
2,11,1,4.3
9,26,1,4.7
24,25,1,3.7
6,12,1,3.4
28,1,1,4.2
18,27,0,4.5
31,24,0,3.9
20,33,1,4.6
13,32,1,3.8
29,8,0,4.8
17,37,0,3.7
19,10,0,3.2
8,5,1,3.5
8,12,1,3.0
10,18,1,3.1
8,20,1,4.4
18,27,1,4.1
10,2,1,3.9
8,6,0,3.1
2,27,0,3.6
1,21,1,4.5
17,25,0,5.0
21,16,0,4.4
20,36,1,4.5
15,1,1,3.6
15,36,0,3.2
17,5,1,3.9
14,32,0,3.7
7,36,0,4.8
6,37,1,4.9
1,32,1,4.4
27,6,0,4.8
25,25,0,4.6
30,13,1,3.1
12,12,1,4.1
9,28,0,3.4
25,18,0,4.3
7,2,1,4.3
29,18,0,4.7
27,31,0,4.0
30,20,0,3.2
22,2,0,3.4
26,20,1,3.6
21,16,1,3.6
9,26,1,4.7
24,14,1,3.9
16,25,1,3.1
33,7,0,4.7
29,34,0,3.1
27,37,0,3.3
33,19,1,4.5
8,23,0,3.4
19,27,0,4.3
31,0,1,4.8
28,13,0,3.6
33,31,1,3.2
33,24,0,4.7
26,25,1,3.0
10,21,1,3.7
18,12,0,4.0
24,2,1,3.0
27,6,0,4.5
17,12,0,3.9
18,29,1,4.3
26,16,0,3.0
21,23,1,4.9
1,15,1,3.8
3,10,1,4.3
9,24,1,4.8
26,17,1,3.5
32,28,1,4.3
18,1,0,3.5
9,18,0,4.5
31,14,1,3.6
31,17,0,4.8
17,18,0,4.3
8,18,1,4.0
24,0,0,3.7
23,16,0,3.9
25,6,1,4.8
20,36,0,3.5
19,8,1,3.5
1,21,0,4.8
18,0,0,3.0
15,27,0,3.6
4,32,0,3.4
12,5,0,5.0
13,12,0,3.1
22,28,1,4.8
0,37,0,4.0
15,23,1,4.6
19,21,0,4.9
17,18,0,3.4
3,3,0,4.9
12,5,0,3.0
2,8,1,3.5
25,3,0,3.6
12,1,1,3.8
28,2,0,4.6
12,12,1,4.1
24,1,0,3.7
13,21,1,4.1
20,30,0,4.5
7,9,0,3.3
31,32,1,5.0
8,16,1,3.0
6,31,0,3.8
29,14,0,3.7
8,5,1,3.5
27,20,0,3.2
7,12,0,4.1
11,19,1,4.1
12,7,0,3.5
14,3,0,3.4
4,32,0,3.4
27,37,1,3.4
28,33,0,4.0
6,36,1,4.9
12,8,0,3.5
11,30,1,3.6
26,22,1,4.0
31,23,0,3.1
27,17,1,4.0
8,36,0,3.6
29,10,1,4.8
10,12,0,4.2
7,21,1,3.8
8,29,1,4.8
20,3,1,3.5
13,36,0,4.3
14,6,1,4.7
8,24,1,3.3
29,26,1,4.4
26,6,1,3.4
31,12,0,5.0
21,11,0,4.2
10,7,1,3.9
10,37,0,3.7
21,7,1,4.4
33,28,1,4.2
27,16,0,4.4
9,29,1,3.4
16,23,0,4.3
16,28,0,3.0
1,6,1,3.9
17,29,1,3.4
29,13,1,4.0
1,6,0,5.0
11,26,1,4.2
18,10,1,3.6
0,18,1,4.3
18,1,0,3.6
17,26,1,3.8
25,0,1,4.8
6,35,0,4.3
16,24,1,3.3
26,10,0,3.4
12,36,1,4.9
9,12,1,4.9
12,29,0,3.3
19,34,1,3.5
29,20,1,4.3
27,4,1,4.9
31,26,0,3.9
25,3,0,4.0
3,23,1,3.6
29,36,0,4.8
33,0,1,4.9
17,1,0,4.6
31,11,1,3.4
19,10,1,3.3
8,1,1,4.7
28,20,0,4.1
25,16,1,3.5
23,13,0,4.3
31,24,1,3.7
9,22,0,3.5
25,20,0,4.8
16,25,1,4.3
29,13,1,4.0
26,22,0,4.9
6,9,1,4.8
12,24,0,4.1
25,29,1,4.8
7,2,1,4.4
24,29,0,4.6
26,28,1,3.4
28,20,1,5.0
17,15,0,3.0
24,7,0,4.2
23,12,1,4.7
26,31,1,3.3
8,33,1,3.4
16,19,1,3.1
23,29,0,4.3
30,13,0,3.1
28,28,1,4.2
24,20,0,4.1
27,33,0,3.7
18,10,0,4.2
2,0,1,4.2
17,2,0,4.8
17,16,1,5.0
21,22,0,4.9
10,16,0,3.9
0,28,1,3.8
29,27,1,4.3
17,32,0,3.2
1,13,0,4.2
28,27,1,4.4
28,2,1,4.6
27,21,1,3.7
6,35,1,3.9
26,22,0,4.9
2,5,1,3.4
25,4,0,3.0
3,8,1,4.5
6,26,0,4.5
15,25,1,3.9
23,28,1,4.3
20,26,0,3.8
12,1,1,4.6
12,27,0,3.8
16,27,1,3.8
7,7,0,3.0
32,20,0,3.0
18,24,1,4.8
32,29,1,4.8
17,8,1,4.3
14,9,1,3.1
23,17,0,4.0
31,34,0,4.1
7,10,0,4.2
23,12,1,3.9
4,12,1,4.9
12,15,1,5.0
28,35,0,4.0
18,2,0,3.9
24,9,0,4.7
23,12,1,3.2
23,25,0,4.0
23,28,0,4.0
21,7,0,3.2
2,30,0,4.3
17,16,1,5.0
17,37,0,3.9
19,11,0,4.5
27,21,1,3.7
7,3,0,3.0
5,3,0,4.2
2,25,0,4.9
24,7,0,4.2
24,25,1,3.7
20,21,0,3.0
31,32,0,4.1
32,31,0,4.7
8,23,1,3.4
18,0,1,4.8
16,34,0,3.8
7,17,0,4.6
31,5,0,3.8
27,2,1,5.0
27,34,0,3.5
4,14,1,5.0
3,3,0,4.9
29,5,1,4.3
27,19,1,3.7
6,31,0,3.8
10,15,0,3.0
19,30,1,3.9
25,25,1,4.1
10,0,1,4.3
33,15,0,4.0
21,11,0,4.5
10,17,1,3.9
19,26,0,3.2
6,37,0,4.6
23,33,1,4.7
26,4,0,4.8
10,16,0,4.3
16,25,1,3.1
31,30,0,4.8
3,0,1,4.2
0,4,0,3.9
33,8,0,4.1
12,25,1,5.0
31,7,1,4.4
9,30,0,4.6
17,2,0,5.0
21,12,1,4.9
26,19,0,4.9
0,27,0,4.8
31,19,1,4.2
31,25,1,3.6
19,6,0,4.2
22,14,1,5.0
7,6,0,3.7
6,15,0,4.4
1,1,0,3.9
27,33,0,3.7
17,5,1,3.9
23,31,0,3.5
15,1,1,3.6
6,22,1,3.4
7,26,1,3.4
11,32,0,4.7
4,24,1,4.0
27,15,1,3.2
32,28,1,4.5
8,1,1,4.1
5,3,0,4.2
6,21,1,3.5
19,21,1,4.1
6,16,0,3.8
7,33,0,4.6
4,13,1,3.1
12,15,0,3.5
32,32,0,3.4
21,24,1,4.8
24,28,0,4.4
15,20,1,3.7
11,11,1,4.3
6,22,1,3.4
24,9,1,3.9
8,30,1,3.7
6,32,1,5.0
24,27,1,4.3
8,13,0,3.2
10,14,1,4.6
0,13,0,4.7
7,9,0,4.7
11,25,1,3.1
5,13,0,4.0
20,5,1,3.3
24,26,0,3.9
12,31,0,4.0
33,0,0,3.5
16,0,0,3.9
17,4,1,3.1
15,28,1,4.3
29,5,0,4.2
6,32,1,3.2
30,30,1,3.4
23,31,1,4.3
18,9,0,4.4
22,33,1,4.3
26,25,0,4.2
29,36,0,4.8
6,25,0,3.6
16,8,1,4.9
29,17,1,4.6
26,8,0,3.8
24,27,0,3.0
27,9,1,3.2
6,1,1,4.1
15,35,1,4.7
12,17,1,3.1
1,2,1,3.6
30,5,0,4.8
6,11,0,3.7
2,28,1,3.2
14,14,0,4.8
10,1,0,3.1
3,21,1,3.1
4,20,0,4.0
8,13,1,4.6
23,8,0,4.2
27,17,1,4.0
3,1,1,3.6
29,10,1,3.0
32,18,1,3.5
18,0,0,3.0
11,10,0,4.6
21,19,1,3.2
11,37,0,4.1
13,17,1,4.4
17,28,1,4.6
28,17,1,4.9
12,36,1,3.8
18,0,0,3.0
20,14,1,3.9
25,31,0,4.5
7,7,0,3.0
13,14,1,3.7
0,24,1,4.6
11,8,0,4.1
6,14,1,3.2
26,3,0,3.4
5,35,1,4.3
2,9,1,4.7
3,30,0,4.3
12,4,1,4.4
6,36,1,4.9
17,19,1,4.5
6,15,0,4.4
19,26,0,3.5
22,9,0,3.8
4,12,1,3.6
28,28,1,4.4
31,26,0,5.0
17,34,1,4.4
25,5,0,4.6
0,9,1,3.5
15,17,1,4.1
6,26,0,3.7
20,10,0,3.8
5,32,0,4.2
33,14,1,3.7
28,17,0,4.4
20,22,1,4.6
25,18,0,4.3
27,36,1,3.6
3,25,1,3.7
31,26,0,3.9
1,4,0,3.3
18,26,1,4.2
25,31,0,3.6
6,4,0,4.8
26,31,0,3.5
13,21,1,3.7
32,29,1,4.8
0,36,1,4.2
13,23,0,4.8
10,13,0,3.9
18,26,1,4.2
9,24,0,4.3
13,25,1,4.0
11,1,0,3.8
6,1,0,3.7
5,30,0,3.1
13,18,0,4.6
26,6,1,4.8
8,27,0,3.7
28,0,0,4.1
17,31,1,4.6
9,4,1,4.5
22,9,1,4.9
16,24,1,3.3
10,14,1,4.6
1,21,1,4.1
21,13,1,5.0
3,16,1,3.2
26,31,1,4.0
26,16,0,3.0
10,22,0,3.7
12,8,1,4.4
0,28,0,3.4
19,19,1,3.1
7,20,1,3.5
22,23,1,3.1
4,28,0,3.3
18,12,0,4.4
1,9,1,4.8
19,22,0,3.6
3,2,1,3.4
23,37,0,4.2
25,9,0,3.7
9,17,0,4.5
27,29,0,4.9
17,32,1,3.1
7,29,0,4.0
13,36,0,4.3
2,24,1,4.5
21,20,1,3.7
31,14,1,3.6
27,31,0,3.4
18,3,0,3.2
16,20,0,3.7
12,15,1,3.7
33,3,0,4.4
11,23,1,5.0
10,33,1,4.8
25,19,1,3.3
29,35,0,3.1
1,13,0,4.2
27,19,0,3.3
28,18,0,4.2
27,29,0,4.9
28,20,1,3.9
25,27,1,3.2
27,2,1,4.6
6,20,0,4.9
17,30,0,3.0
11,25,1,3.1
11,23,1,3.0
15,11,0,5.0
8,13,0,3.2
8,11,1,3.1
25,5,1,3.1
23,2,1,3.0
20,14,1,4.2
12,34,1,3.2
24,33,1,4.3
33,13,0,3.1
14,10,1,4.4
3,1,1,3.6
18,2,0,4.7
18,22,1,3.6
30,3,1,3.1
25,36,1,4.9
6,16,0,4.5
17,22,0,4.8
21,23,1,3.2
8,4,1,3.9
5,15,1,3.7
8,5,0,4.3
29,15,1,3.9
33,16,0,3.1
32,3,0,4.6
4,14,1,4.9
0,18,0,3.5
12,16,1,3.1
27,24,0,4.0
20,27,1,4.1
26,30,1,3.9
1,21,0,3.9
15,36,0,3.2
6,27,0,3.2
24,9,0,3.4
23,1,1,4.3
26,16,1,3.8
18,0,0,3.0
33,30,1,4.3
18,37,1,3.5
26,19,0,4.9
29,21,1,4.2
4,20,0,4.0
1,9,1,4.8
13,13,1,3.1
17,13,1,4.0
29,29,1,3.4
13,24,0,3.3
24,26,0,3.1
14,3,0,3.8
28,2,0,4.5
6,35,1,3.9
19,24,0,3.5
6,7,1,3.3
10,28,1,4.5
2,10,1,3.1
14,9,1,3.8
5,2,1,3.9
30,29,1,4.4
20,21,0,3.0
4,14,1,5.0
1,25,0,3.4
21,37,1,4.5
17,22,0,4.8
10,18,0,4.2
30,18,0,4.5
12,17,1,4.4
18,14,1,4.3
25,20,1,3.1
7,12,0,4.3
12,19,0,3.9
19,3,0,3.0
8,2,0,4.8
33,19,1,4.5
7,23,1,4.0
5,12,0,4.7
29,32,1,3.6
29,26,0,4.8
32,16,1,4.3
13,25,1,3.4
5,34,1,4.5
16,7,0,4.4
28,25,0,3.1
16,5,1,3.9
4,18,0,3.0
0,28,0,3.4
31,4,1,3.2
2,13,1,3.6
22,6,0,4.3
6,4,0,4.8
13,31,0,4.6
1,24,0,4.4
27,26,1,4.2
11,28,0,4.4
30,18,1,4.5
0,11,1,3.6
7,4,1,3.4
14,3,0,3.5
20,3,0,3.5
17,12,0,3.9
32,0,1,4.3
30,30,0,4.1
13,7,1,4.2
22,3,0,4.5
31,8,1,4.8
0,15,0,3.6
28,29,1,4.4
3,2,1,3.4
10,30,0,4.2
23,29,1,3.4
28,35,0,4.0
6,17,0,3.1
12,15,0,3.0
2,36,0,4.3
6,26,0,4.5
6,37,0,4.4
8,5,0,4.7
13,19,0,3.5
3,4,1,3.4
25,36,0,3.8
23,27,1,4.0
30,12,1,3.5
24,0,0,3.9
30,28,1,3.3
19,5,0,4.7
3,14,1,3.4
17,19,0,3.7
9,8,1,4.3
16,20,1,3.6
21,24,1,3.0
32,26,1,4.5
11,20,0,4.4
27,16,1,3.1
22,35,0,4.9
6,22,0,3.9
2,35,0,4.9
24,1,0,3.7
6,11,0,3.7
27,16,1,4.6
19,27,0,4.3
18,25,1,3.5
19,27,0,4.3
33,16,0,4.8
10,29,0,3.4
14,1,0,4.0
1,19,1,3.3
0,3,1,5.0
0,24,0,4.9
30,31,1,4.2
25,30,0,4.7
7,3,0,3.0
29,5,1,4.7
20,34,1,3.6
30,8,0,4.2
0,8,0,4.5
3,29,0,4.0
22,32,0,4.9
16,27,0,4.5
25,14,1,4.1
8,4,1,3.5
0,5,1,4.2
0,32,1,3.8
18,32,0,4.2
1,35,1,3.7
10,5,1,4.9
19,27,0,4.3
31,0,1,4.8
21,22,1,3.2
26,32,1,3.6
1,21,0,4.8
17,29,0,4.9
33,12,1,4.8
18,31,0,4.1
16,25,0,4.0
22,20,1,3.0
20,22,1,4.6
19,16,0,4.4
28,20,1,3.9
26,25,0,4.2
19,35,0,4.1
27,16,1,4.6
4,16,1,3.2
23,37,1,3.4
4,6,0,3.9
7,34,1,3.4
12,32,1,4.5
3,10,1,3.6
31,23,0,3.1
7,4,1,3.4
25,37,1,3.6
3,28,1,3.8
23,20,1,3.4
19,36,1,4.7
3,5,1,3.9
5,3,0,4.8
12,29,0,3.3
26,2,0,4.7
11,22,1,4.5
3,7,0,3.4
23,14,1,4.7
4,22,0,3.3
30,17,0,4.4
17,25,1,3.8
18,34,1,4.3
19,34,1,3.4
2,28,1,4.1
14,35,0,3.1
24,28,1,4.3
12,25,0,4.5
21,34,0,3.1
4,36,0,3.8
2,33,1,3.9
10,5,1,4.9
19,5,0,3.8
13,18,1,5.0
1,7,1,3.8
16,13,1,3.1
9,31,1,3.3
0,14,1,4.6
31,17,0,4.6
4,24,1,4.0
24,27,0,4.4
29,22,0,3.7
16,31,1,4.2
5,6,1,4.5
19,23,0,3.3
15,22,1,3.4
3,15,1,4.2
27,20,0,4.7
10,31,1,4.5
8,11,0,4.9
27,27,1,4.6
26,21,0,4.3
9,18,0,3.5
12,26,0,3.0
10,37,1,4.8
19,9,0,4.5
2,21,1,4.5
33,22,0,3.5
16,24,1,4.1
0,21,1,3.5
29,17,0,4.2
30,8,0,3.3
16,36,1,3.5
6,25,0,3.7
24,17,0,3.3
2,6,1,3.8
12,28,1,3.4
4,15,0,3.6
7,5,0,3.9
33,15,0,4.0
8,24,0,4.8
21,8,1,4.7
6,8,1,3.5
0,13,0,4.7
0,32,1,4.9
13,21,1,3.7
30,8,0,3.1
8,21,0,4.7
24,22,0,3.8
8,24,1,3.3
20,33,0,3.5
25,21,0,4.3
7,31,1,4.5
7,2,0,3.4
11,32,1,3.2
15,27,0,3.6
3,11,0,3.6
12,6,1,4.8
18,32,0,3.3
11,10,1,4.4
29,17,1,3.1
24,34,1,3.4
7,9,1,3.6
14,37,0,3.5
30,31,1,4.2
30,26,0,3.9
22,7,0,3.6
16,34,0,3.6
19,24,0,4.3
27,1,0,3.5
33,36,1,3.4
12,31,0,4.0
21,22,0,3.3
9,14,0,3.7
4,29,0,4.6
29,5,1,3.2
23,28,0,3.5
30,31,1,4.2
20,11,1,4.6
15,31,1,4.9
4,37,1,4.6
15,31,0,4.7
12,28,0,3.1
1,35,1,3.2
18,36,0,3.6
6,29,1,4.4
28,10,0,3.0
9,29,1,4.5
17,13,1,4.0
25,29,1,3.6
32,31,0,4.4
25,11,0,4.3
2,21,0,3.1
13,18,1,5.0
9,24,1,3.4
31,21,1,4.9
11,37,1,4.6
27,21,0,4.7
13,4,1,4.0
11,7,1,3.2
3,25,1,3.7
17,36,1,3.2
21,36,1,3.0
23,28,1,4.4
28,1,1,4.4
16,23,1,3.9
31,5,1,3.3
20,33,0,3.8
12,32,1,3.4
25,3,1,3.2
28,22,0,3.1
13,34,1,3.8
1,12,0,4.4
33,37,0,3.6
33,35,0,4.8
25,35,1,3.3
7,16,0,4.3
31,19,0,3.3
24,20,1,3.3
4,30,0,4.4
26,5,1,4.5
2,6,1,3.8
8,12,1,3.3
32,8,1,4.8
18,6,0,3.3
30,13,0,4.8
27,37,0,4.9
15,11,0,3.6
1,8,1,5.0
26,12,0,4.0
1,26,1,3.8
23,21,0,3.2
25,12,0,4.7
26,16,1,3.6
5,14,0,4.4
7,0,0,3.6
5,11,0,4.0
31,19,0,3.3
16,5,1,4.8
32,20,0,4.0
31,19,1,4.2
20,34,1,3.6
28,11,1,3.0
27,22,0,4.7
0,22,1,3.8
18,14,1,4.3
17,30,1,4.9
19,15,0,4.2
1,13,0,3.6
14,24,0,4.4
14,27,1,3.5
6,22,1,3.9
7,18,1,3.6
9,26,1,3.3
4,1,1,4.4
11,23,1,5.0
16,34,1,3.0
20,33,1,4.6
4,35,1,3.8
12,24,0,4.1
6,30,1,3.0
14,26,0,4.6
30,10,0,4.8
17,4,0,3.3
9,5,1,3.7
19,11,1,4.0
31,19,1,4.0
33,33,1,4.3
25,32,0,4.0
3,4,0,4.9
3,10,1,4.3
2,23,0,4.5
10,7,1,3.9
22,8,0,3.0
30,1,0,3.8
12,24,0,3.7
17,13,1,4.6
4,28,1,3.4
5,13,0,4.0
10,28,0,4.1
4,22,0,3.3
6,27,1,5.0
25,33,1,3.1
25,36,1,4.3
31,19,1,4.1
29,35,0,5.0
24,3,1,4.5
29,32,1,4.6
20,26,1,4.6
8,29,1,4.1
12,32,1,4.5
26,24,0,4.2
25,7,1,4.2
7,25,0,4.3
21,8,1,4.7
20,11,1,5.0
22,5,1,4.5
16,16,0,4.6
28,4,1,4.0
30,1,1,4.2
11,37,1,3.3
33,10,0,3.4
25,30,0,4.7
29,1,0,3.9
10,16,0,4.3
30,31,0,4.2
23,22,1,3.4
16,27,0,4.5
21,22,0,3.3
8,5,0,4.9
30,32,0,3.9
4,10,1,3.1
12,10,0,3.6
13,34,0,4.1
29,7,0,3.9
12,7,0,4.5
0,28,1,3.8
26,7,1,3.9
27,37,1,3.1
4,14,0,4.4
9,23,0,4.2
9,30,0,3.5
24,30,0,4.7
29,32,1,3.6
12,15,0,3.0
24,3,0,3.8
23,17,1,3.4
33,23,1,3.9
16,25,1,3.3
9,11,0,4.2
10,20,0,4.9
2,22,0,4.5
29,29,1,4.9
3,8,0,3.9
7,21,0,4.8
29,7,0,3.8
27,21,1,4.7
0,21,0,4.2
33,8,0,3.7
30,10,0,4.2
23,21,1,3.4
6,4,0,3.4
32,1,1,4.3
8,30,1,4.8
7,6,1,4.8
22,0,1,3.7
19,26,0,3.2
28,16,0,4.1
17,34,0,4.1
6,31,0,3.8
30,29,1,4.4
26,2,0,4.7
24,12,0,3.6
19,28,1,3.1
10,31,0,3.6
3,13,0,4.2
18,37,1,3.1
24,30,0,3.7
13,31,1,4.8
0,17,0,4.6
19,8,1,3.0
22,25,1,3.4
24,3,0,3.5
28,19,0,5.0
24,13,1,4.0
6,14,1,3.5
20,18,1,4.4
17,2,1,3.3
4,18,0,3.0
7,21,0,4.2
26,1,0,4.5
32,3,0,4.6
24,10,1,3.5
8,13,0,4.7
24,12,0,3.4
7,15,1,3.7
25,12,0,4.7
7,21,0,4.8
4,28,1,3.4
14,1,0,4.0
16,13,1,3.1
22,25,1,4.5
0,4,1,3.6
12,3,0,3.0
33,17,1,3.6
7,31,1,4.5
11,2,1,3.6
18,37,0,3.6
9,36,0,3.8
1,37,1,4.5
21,13,0,4.2
18,9,0,3.2
32,6,1,4.0
6,16,0,3.8
8,2,0,4.8
23,34,0,3.1
29,34,1,3.1
29,14,0,3.7
29,3,0,3.4
26,32,1,3.6
7,27,1,4.2
25,3,1,3.2
12,10,0,4.2
27,20,0,3.2
10,26,1,3.8
27,24,0,4.8
3,32,1,3.6
25,11,0,3.5
32,19,0,3.5
4,18,1,4.2
6,22,1,3.9
1,8,1,4.7
23,7,1,3.7
27,34,1,4.3
17,27,1,4.6
17,34,0,3.3
25,31,1,3.3
6,9,0,3.2
22,1,0,3.9
7,9,0,4.3
23,25,0,3.9
6,25,0,3.7
13,36,1,4.8
19,15,0,4.2
31,26,0,3.9
0,30,1,5.0
10,24,0,3.0
18,10,0,4.6
32,8,0,4.0
17,21,0,3.6
13,21,0,3.7
16,29,1,4.7
26,2,0,3.6
3,25,0,4.6
14,0,0,4.3
17,26,1,3.1
19,10,1,3.3
7,7,0,3.1
12,37,0,3.0
13,26,0,3.9
13,7,0,3.9
8,14,1,4.9
14,12,1,3.8
6,10,0,3.5
6,37,0,4.5
17,7,1,4.0
0,27,1,3.6
9,29,1,4.5
23,31,1,4.3
2,36,0,4.0
30,27,1,4.4
14,3,0,3.7
29,36,0,3.1
17,13,0,3.1
13,2,1,4.3
30,22,0,3.6
23,31,1,4.3
19,30,0,4.4
14,6,1,4.9
28,0,0,4.1
25,36,1,4.9
27,13,0,3.7
20,23,1,3.2
26,10,0,3.1
7,0,0,3.6
18,13,0,3.2
5,6,0,4.8
6,5,0,4.8
29,28,1,3.1
10,9,1,4.0
33,2,1,4.2
19,26,1,4.9
19,26,1,4.9
22,34,0,4.1
11,35,0,3.3
30,37,0,3.5
12,6,1,3.0
10,2,0,3.4
4,31,1,3.1
6,24,0,3.2
4,6,1,3.7
17,32,1,3.7
19,33,0,4.4
21,14,1,3.9
29,5,1,4.7
13,24,0,3.3
18,9,0,3.3
21,36,0,3.6
8,29,1,4.8
7,14,0,4.3
31,17,0,4.0
2,36,1,4.2
18,14,0,3.1
3,17,0,3.4
16,10,1,4.8
0,14,1,4.6
31,11,0,4.8
9,32,1,3.4
14,1,0,4.0
9,5,0,3.3
0,8,0,4.5
33,37,1,4.1
6,15,0,4.2
12,15,1,4.6
19,23,0,4.6
10,11,1,3.6
27,4,1,4.3
0,35,0,4.3
8,23,1,4.9
27,15,0,4.4
2,9,1,4.7
25,21,0,3.5
29,36,1,4.4
3,1,0,3.6
27,9,0,4.8
9,12,0,3.6
18,27,0,3.8
1,19,1,3.5
25,34,0,4.6
23,9,0,4.4
10,11,0,4.6
19,28,1,3.1
3,11,1,3.8
32,21,1,4.3
16,27,0,3.9
2,35,0,3.4
10,10,1,3.5
8,11,1,4.4
18,36,0,3.6
27,22,1,3.0
24,25,0,4.7
4,12,1,3.6
6,10,0,3.5
8,1,1,3.5
32,22,0,4.1
20,22,1,4.6
7,13,1,4.4
0,28,1,4.6
4,25,0,4.4
23,2,0,4.7
11,13,1,3.6
5,15,1,3.9
20,35,0,4.8
2,15,1,3.8
31,11,0,4.7
13,18,0,4.6
12,28,0,3.7
5,8,1,4.4
24,33,1,4.3
15,15,0,4.4
2,9,1,4.7
2,20,1,3.6
23,9,1,3.4
1,30,0,4.3
1,17,0,5.0
24,4,0,3.6
21,25,0,3.3
26,5,1,3.7
20,10,0,4.3
30,23,1,3.7
10,7,1,3.9
4,6,0,4.2
15,20,1,4.5
33,15,0,3.2
3,32,0,4.1
18,14,0,4.0
30,14,1,4.2
1,13,1,4.9
29,23,0,3.8
33,35,0,4.6
33,21,1,5.0
9,13,1,4.6
15,26,1,4.0
27,35,0,3.2
6,32,1,4.8
31,9,1,4.7
25,20,0,4.8
33,18,1,4.1
12,1,1,3.0
6,35,0,4.3
17,6,1,3.5
24,20,0,4.1
24,19,0,3.9
33,35,0,4.3
30,15,1,3.4
7,26,1,4.8
16,25,1,4.3
4,12,1,4.9
29,18,1,4.1
4,15,0,3.6
0,4,1,3.6
6,22,0,3.9
10,31,1,5.0
20,14,1,3.9
22,14,1,4.6
15,25,1,4.0
22,32,1,4.0
14,35,0,4.2
11,12,0,4.6
15,6,1,4.2
33,24,0,4.7
7,1,1,4.6
12,21,1,4.7
4,7,0,3.6
13,31,1,4.2
11,32,0,3.0
16,28,1,3.7
10,4,0,3.8
32,5,1,3.5
14,21,0,3.4
4,0,0,4.4
30,26,1,3.1
20,30,0,4.0
1,7,1,3.2
32,32,1,3.6
33,0,0,3.8
26,7,1,3.5
6,13,1,3.7
22,18,1,4.4
7,10,0,4.2
0,6,1,3.9
3,26,1,4.2
29,35,0,4.0
16,13,1,4.7
32,21,1,4.0
23,29,1,3.4
27,17,1,4.0
22,12,1,4.0
19,22,1,3.9
8,35,1,4.7
21,30,1,4.3
18,2,0,4.4
32,25,1,3.9
29,2,0,5.0
26,4,0,3.5
6,10,0,3.5
14,17,0,3.1
8,33,1,3.4
22,7,0,4.5
29,28,0,4.1
21,17,0,4.2
21,3,0,4.3
21,23,1,3.2
19,35,1,3.9
3,35,1,3.9
12,8,1,4.4
28,28,0,4.6
21,4,1,3.4
28,2,0,4.0
5,17,0,4.4
31,24,0,3.9
18,10,1,3.8
9,5,0,3.3
13,21,0,4.3
19,15,1,4.5
6,1,0,3.7
13,29,1,4.4
24,34,0,4.2
3,13,0,4.0
28,34,0,3.1
24,2,1,3.2
1,16,0,3.1
21,3,0,4.3
10,19,0,4.1
14,27,0,3.7
12,28,0,4.1
0,9,0,4.7
8,17,0,3.4
7,15,1,3.7
2,1,0,4.2
5,7,0,3.5
4,25,0,4.5
14,27,0,3.7
0,18,0,3.6
17,31,1,3.1
9,33,0,4.7
14,9,1,4.7
20,14,1,4.2
6,9,0,3.4
12,26,1,4.8
3,28,1,4.9
10,8,1,4.3
33,8,0,4.1
1,17,0,5.0
0,24,1,4.6
3,34,0,4.8
18,28,0,4.0
20,34,1,3.6
7,7,1,3.9
22,28,1,4.8
30,18,1,4.5
31,21,0,4.2
18,28,1,4.6
9,5,1,4.8
20,24,1,4.1
19,16,1,3.9
24,33,1,4.6
4,11,0,3.5
33,16,0,3.1
5,16,0,3.2
12,3,0,4.9
30,13,0,4.5
10,25,1,3.1
17,37,0,3.9
30,28,0,3.6
7,32,1,4.5
33,10,1,4.6
7,2,0,3.4
0,32,0,3.7
23,6,0,4.8
21,35,0,4.6
21,37,1,4.5
20,35,0,4.8
29,20,1,3.3
9,7,1,4.5
7,6,1,3.4
27,27,0,3.5
20,31,1,4.2
1,6,0,5.0
11,11,0,4.4
17,13,1,4.0
10,1,0,3.1
17,37,1,3.9
3,30,0,4.5
17,5,1,3.9
10,4,0,3.8
15,25,1,3.9
6,32,1,3.4
16,7,0,4.4
11,16,0,3.5
20,7,0,4.9
24,7,0,3.9
29,10,0,3.8
16,13,1,4.7
12,7,0,4.0
26,36,0,3.2
3,35,1,3.4
27,25,1,3.7
12,13,0,3.6
22,1,0,3.3
16,2,0,3.1
22,10,1,3.4
5,1,1,4.3
0,16,1,5.0
31,21,0,3.5
21,9,0,3.7
21,30,1,4.8
7,6,0,3.7
33,4,1,4.1
6,6,0,4.9
13,22,1,4.8
6,0,1,5.0
4,14,0,3.2
4,26,1,3.1
7,4,0,3.8
0,33,1,3.1
21,18,0,3.9
8,17,0,3.1
11,12,1,3.0
10,6,1,4.5
29,29,1,3.4
8,5,1,3.5
11,5,0,3.0
17,5,0,3.0
12,1,1,4.6
29,26,1,3.7
7,23,1,3.7
1,22,0,3.6
3,3,0,3.7
1,24,0,4.4
25,1,0,4.4
23,5,0,4.4
29,30,1,3.2
22,23,1,4.8
6,0,1,5.0
11,26,1,4.3
17,12,0,3.8
15,18,0,4.9
7,25,1,4.4
27,19,0,3.0
21,34,1,4.5
1,21,0,3.9
6,27,0,4.5
30,13,1,3.1
7,12,0,4.3
17,22,0,4.8
1,37,1,3.8
30,22,0,3.6
15,13,0,3.2
33,36,1,4.2
33,10,1,4.1
8,35,0,4.5
13,17,1,4.6
3,9,0,4.2
33,18,0,3.6
22,18,1,4.4
5,7,0,4.1
20,6,0,4.7
8,34,1,3.6
0,26,0,3.5
1,21,1,4.5
26,19,1,4.1
28,30,1,4.4
3,34,1,4.1
23,29,1,3.1
0,28,0,3.9
17,34,0,3.3
6,7,1,4.1
6,20,0,4.9
13,27,1,3.9
1,19,1,3.5
32,32,0,3.4
7,7,1,3.4
28,26,0,4.5
14,13,0,3.9
23,28,0,4.7
25,8,0,3.9
25,34,1,4.1
19,30,0,4.4
11,7,1,3.2
17,4,0,4.0
6,33,1,3.5
27,9,1,3.9
11,15,1,3.9
25,9,1,4.8
25,29,1,4.8
13,15,0,4.5
12,36,0,3.7
4,15,1,4.5
8,6,0,3.3
31,17,0,4.1
26,14,1,4.0
16,5,1,4.2
5,15,0,4.4
3,22,1,4.2
23,21,0,4.4
32,28,1,3.7
14,6,1,4.1
1,27,1,4.9
33,2,1,3.1
13,32,0,3.1
26,2,0,3.6
15,36,0,3.8
7,3,1,3.4
24,2,1,3.2
20,3,1,3.3
24,14,1,3.9
0,33,1,3.4
30,8,0,4.2
13,24,1,3.8
12,28,1,3.5
20,10,0,3.7
8,15,1,4.2
19,9,1,3.1
33,18,0,3.6
31,21,1,3.7
26,31,0,4.1
12,28,1,3.0
21,31,1,3.3
10,21,1,3.7
15,35,1,4.7
29,30,1,4.3
26,4,0,3.5
6,18,1,3.6
16,13,0,4.0
7,1,1,4.7
20,18,0,3.7
11,10,0,4.6
9,21,0,3.5
6,12,0,3.3
5,14,1,3.1
32,6,1,4.0
19,5,0,3.8
10,7,1,3.0
17,21,0,3.6
11,3,1,3.0
6,20,0,3.6
9,4,0,3.3
14,27,0,3.7
17,2,1,3.1
12,25,1,3.9
6,33,1,3.5
25,10,1,4.6
32,28,0,3.4
18,29,0,3.7
18,2,0,3.8
12,30,1,4.5
27,8,0,3.7
2,10,0,5.0
5,7,1,4.4
5,6,0,4.8
2,18,1,3.8
25,12,0,4.7
5,1,1,3.5
18,2,0,3.3
0,24,0,3.1
5,20,0,4.6
24,21,1,3.3
11,28,0,4.4
7,32,1,4.5
23,0,1,3.6
5,3,1,4.9
10,10,1,3.0
26,29,1,3.2
28,2,1,4.6
8,27,1,3.5
9,21,0,4.6
29,31,1,4.3
10,11,0,4.6
0,22,1,3.8
30,30,0,4.1
5,37,0,3.7
3,24,0,3.3
26,10,0,3.1
31,37,1,4.8
8,25,1,3.4
28,24,1,3.2
3,17,0,4.5
11,33,0,4.5
21,2,1,4.7
4,18,1,4.2
25,3,1,3.5
3,19,0,4.2
4,26,0,4.6
31,0,0,4.5
0,15,0,4.3
29,8,1,3.5
17,4,0,3.3
1,26,0,4.7
29,37,0,3.5
25,31,0,3.9
25,36,1,3.9
25,32,0,5.0
11,26,0,3.2
5,12,1,4.6
33,11,1,4.8
9,32,1,3.4
5,21,0,3.4
31,9,0,4.7
31,27,1,3.9
12,4,0,4.9
17,17,1,4.8
10,12,1,3.8
30,14,0,4.0
1,0,0,3.7
12,15,0,3.0
6,31,0,4.6
29,22,0,3.7
15,30,1,4.6
1,34,1,3.5
0,30,1,3.8
20,14,1,4.2
14,12,0,4.5
12,26,0,3.0
27,32,0,3.9
18,17,1,3.7
16,18,1,3.6
27,27,0,3.5
6,30,1,3.0
10,12,0,5.0
33,21,0,3.6
17,25,1,3.8
24,25,1,3.7
11,20,1,4.9
3,35,1,3.4
29,15,1,3.9
19,26,0,4.9
29,8,0,4.8
4,16,1,3.2
6,34,0,4.5
7,28,1,3.8
19,33,0,4.7
2,2,0,4.8
31,7,1,4.5
7,31,0,3.0
7,17,0,4.8
7,10,1,4.3
10,11,1,3.6
27,37,0,4.9
22,34,1,3.6
9,21,0,4.0
24,6,1,4.4
16,13,1,3.3
6,32,1,4.8
33,26,1,4.3
17,30,1,4.6
7,28,0,4.3
21,5,0,3.8
32,8,1,4.8
24,2,1,3.0
16,36,0,3.0
6,3,0,3.4
5,3,0,4.9
33,4,1,3.9
12,13,0,3.7
25,29,1,4.8
27,26,1,3.2
27,32,1,3.4
6,11,0,3.7
6,18,1,4.0
17,24,0,3.2
1,20,1,4.9
23,34,0,4.8
22,19,0,3.0
6,34,0,4.9
13,21,1,4.1
16,23,0,3.9
27,1,1,5.0
14,0,0,4.0
15,28,0,4.0
28,22,1,4.0
8,2,0,3.1
16,36,1,3.5
16,29,0,4.0
20,31,0,3.6
4,7,0,3.6
18,15,1,4.6
13,3,1,4.3
1,14,1,4.8
2,31,1,3.3
14,24,1,5.0
10,7,0,4.9
23,28,0,4.6
28,36,1,4.0
5,34,1,4.5
19,20,1,4.1
27,17,1,3.2
10,2,0,3.4
20,31,1,3.5
33,11,1,4.0
19,27,0,4.1
14,2,0,3.9
3,36,1,4.9
16,18,1,4.1
26,31,0,3.5
27,7,0,4.7
26,16,0,3.5
9,17,1,4.4
17,30,1,3.3
28,15,0,4.3
28,35,0,3.6
16,18,0,3.2
18,10,0,3.2
19,35,0,4.1
2,30,1,4.5
15,15,0,4.4
19,11,0,4.5
13,14,0,4.5
28,20,1,4.1
30,17,1,4.3
28,29,0,3.2
19,21,0,4.0
26,16,0,4.7
20,10,1,4.0
29,5,1,3.1
0,26,0,3.3
5,14,0,3.6
16,36,1,3.3
6,35,0,3.4
24,14,1,4.0
30,0,0,4.8
26,4,0,4.8
3,19,0,4.2
7,14,1,4.2
14,6,1,4.9
12,3,0,4.9
20,13,1,3.2
28,27,1,4.4
19,33,0,4.4
17,30,1,4.9
10,2,0,3.4
13,24,1,3.8
20,34,0,4.6
0,8,0,4.5
11,28,1,5.0
7,27,1,3.1
1,14,0,4.8
18,32,0,3.8
26,14,1,3.1
28,32,0,4.2
6,25,1,4.5
1,3,0,4.1
18,9,0,3.2
6,18,1,3.6
16,25,1,4.3
6,31,0,4.6
5,3,0,4.2
0,9,1,3.5
20,3,0,4.8
16,18,0,3.2
27,25,0,3.2
7,7,1,3.9
2,34,0,4.0
23,2,0,4.7
30,0,1,4.1
5,17,0,4.4
27,13,1,3.6
21,31,1,4.3
14,19,1,4.5
30,34,0,3.2
29,10,1,4.8
10,34,1,4.6
4,15,1,4.5
29,10,0,3.8
12,32,1,3.6
6,21,0,3.8
1,26,1,3.8
19,11,1,4.1
30,7,0,4.3
27,14,1,4.8
15,25,1,3.0
6,23,1,3.0
8,30,0,3.3
7,19,0,3.6
30,19,0,3.3
17,37,0,4.9
7,32,1,4.3
28,27,1,3.5
30,18,0,4.5
21,17,0,4.2
29,28,0,4.1
29,18,0,4.5
11,8,1,4.1
18,37,1,4.4
12,1,1,3.8
31,11,1,4.5
19,0,1,4.3
2,31,0,4.2
2,16,1,4.4
10,31,1,4.3
11,26,1,5.0
1,14,1,4.8
11,8,0,3.1
24,20,1,3.3
29,16,1,3.7
8,31,1,3.8
24,27,1,4.3
28,31,0,3.8
19,30,1,3.9
1,34,1,3.2
2,1,0,4.2
18,36,0,3.6
31,9,1,3.1
3,13,0,4.0
9,18,0,4.5
9,22,1,4.6
33,16,0,3.8
13,24,0,3.3
24,28,1,4.3
27,23,0,3.5
0,1,0,4.4
25,16,1,3.8
8,28,1,3.1
4,36,0,3.3
0,2,0,3.3
6,20,0,3.8
3,36,1,3.0
13,28,0,3.0
13,21,0,4.2
5,3,0,4.9
23,12,1,3.9
20,13,1,3.2
29,21,1,3.1
15,3,1,4.3
4,12,1,3.6
31,14,0,4.8
19,7,0,4.2
28,3,1,3.4
20,31,1,4.2
21,36,1,3.9
0,36,1,3.5
6,0,0,3.6
9,1,1,4.0
9,23,0,4.2
28,3,1,3.4
7,3,1,5.0
3,34,1,4.1
28,4,0,3.1
18,33,1,4.8
20,6,1,4.9
10,17,0,4.0
31,11,0,4.3
12,13,1,4.3
14,24,0,3.3
1,29,0,4.1
19,23,1,3.4
32,12,1,4.3
28,23,0,3.3
10,31,1,3.0
30,33,1,5.0
9,17,0,4.7
28,36,1,3.7
26,12,0,3.8
31,0,0,4.3
27,9,0,4.8
18,37,1,3.1
4,34,0,4.3
17,6,0,4.5
13,34,1,3.8
17,5,1,3.9
4,28,1,3.8
29,30,0,3.9
6,36,1,4.6
0,31,0,3.4
12,28,1,3.8
24,32,1,3.3
19,24,0,3.5
15,4,0,4.4
2,13,1,3.6
16,21,1,4.8
24,14,1,3.4
20,34,1,3.6
31,14,1,3.9
10,6,1,4.1
13,23,1,3.9
2,29,1,4.4
24,1,0,3.2
3,15,1,4.2
32,0,1,4.3
29,1,1,3.7
29,13,1,3.8
32,14,0,4.6
7,15,1,3.5
14,4,0,4.3
33,24,0,3.2
16,9,1,3.9
3,13,0,4.2
17,37,0,4.9
22,18,0,3.2
8,1,1,4.1
7,10,0,4.1
27,35,0,4.3
29,28,0,4.1
28,8,0,4.1
18,19,0,4.8
13,35,0,3.2
11,15,1,3.9
4,14,0,3.2
30,8,0,3.3
15,4,0,4.4
15,24,1,4.1
20,14,0,4.2
6,9,1,3.1
25,21,0,4.5
17,12,0,4.0
11,29,0,4.8
11,2,1,3.5
14,32,1,3.0
8,29,1,3.1
26,33,1,3.5
13,34,0,4.6
6,11,0,3.3
0,32,0,4.9
12,18,1,3.6
30,17,0,3.6
22,34,1,5.0
25,5,0,4.6
17,15,0,3.1
33,4,1,4.6
24,9,0,3.4
28,4,0,4.2
9,21,0,4.5
0,37,0,4.0
23,2,0,4.7
10,6,1,4.1
7,25,1,4.3
14,29,0,3.2
26,29,0,3.8
3,25,0,4.8
16,15,0,4.4
19,34,0,4.4
29,13,1,3.7
33,0,0,3.5
12,28,0,3.4
21,34,1,4.5
11,16,0,4.5
6,18,1,4.2
25,21,1,4.2
21,30,1,4.8
3,5,1,3.9
1,7,0,4.2
6,10,1,4.2
1,16,1,3.6
27,35,0,4.3
29,35,0,5.0
9,33,1,3.7
25,6,1,4.8
7,6,0,3.2
17,19,1,4.5
14,35,0,4.2
33,12,1,4.2
29,0,1,3.6
3,15,1,4.3
10,22,0,3.7
27,20,1,4.0
6,36,1,4.6
30,18,1,4.5
6,32,1,3.4
5,23,0,3.1
28,16,0,3.1
10,24,1,4.5
30,0,1,3.4
12,23,0,3.7
6,27,0,3.2
27,8,0,3.7
3,28,1,4.7
18,6,0,3.2
16,18,1,4.3
8,32,0,3.9
1,15,1,3.2
8,16,1,3.8
30,33,0,4.0
11,21,1,4.1
33,35,0,4.8
27,6,0,4.8
14,37,0,4.8
27,30,1,4.2
30,27,1,4.4
12,2,0,3.7
23,30,1,4.3
18,29,0,3.7
26,35,0,4.8
31,37,1,4.8
22,1,1,3.4
22,26,0,4.1
33,12,0,4.6
13,30,1,4.0
21,36,0,3.6
30,37,0,4.7
3,5,1,3.1
20,2,0,3.1
3,11,1,4.8
2,35,0,4.0
7,20,1,3.6
12,3,0,3.0
6,11,0,3.3
23,27,1,4.3
1,12,1,3.6
27,19,1,3.7
6,21,0,3.8
21,16,1,3.6
25,27,0,3.4
15,0,1,3.3
25,21,0,4.3
17,16,1,5.0
7,5,0,3.4
15,9,0,3.0
4,29,0,3.9
28,3,0,4.6
24,0,0,3.7
11,37,1,4.6
28,15,0,4.2
16,11,0,3.3
23,31,0,3.5
29,28,1,3.1
16,4,0,4.3
19,27,0,4.1
33,11,1,3.4
23,28,0,4.7
0,30,0,4.4
29,37,0,3.1
27,0,1,5.0
7,29,0,4.0
32,26,1,3.8
24,11,0,4.8
14,24,0,4.7
23,35,0,4.2
15,19,0,3.7
28,23,0,3.8
5,2,1,3.9
1,14,0,4.1
27,27,0,3.5
29,32,1,4.1
19,15,1,4.8
31,27,1,3.4
12,32,1,3.3
29,30,0,3.9
17,37,1,3.9
9,34,1,4.7
18,26,1,4.2
17,34,1,3.4
12,26,0,3.6
22,32,1,4.0
27,7,1,3.4
9,24,0,4.3
29,26,1,3.7
19,27,0,4.3
20,17,1,4.4
10,14,1,4.6
1,36,1,3.4
26,29,0,3.8
16,6,0,3.3
26,22,0,4.9
20,12,0,3.3
7,28,1,3.8
9,26,1,4.8
1,25,0,3.8
4,21,0,3.4
12,28,1,3.0
9,33,1,3.7
14,13,0,3.4
0,7,1,3.1
26,6,1,3.4
5,13,0,3.6
16,23,1,4.4
4,10,1,3.2
28,4,1,3.7
33,3,0,4.4
19,24,0,4.3
19,23,1,3.9
18,24,1,4.8
21,18,0,4.8
9,24,0,4.3
18,7,0,4.0
7,32,1,4.4
29,18,0,4.5
21,16,1,4.5
9,26,1,4.8
1,9,1,3.9
12,20,1,4.1
5,34,1,3.8
24,17,0,3.2
30,29,0,4.0
16,16,1,3.4
25,4,1,3.4
18,0,0,3.0
2,21,0,3.1
30,28,1,3.3
1,0,0,3.7
14,24,0,4.7
20,37,0,3.7
17,16,0,3.1
16,23,0,3.0
5,0,1,4.4
11,36,0,3.3
1,32,1,4.5
7,9,0,3.1
15,13,1,4.8
11,24,0,4.7
0,6,1,3.9
17,5,1,3.0
17,1,0,4.5
16,23,0,3.9
5,3,1,4.9
25,6,1,4.8
29,35,0,4.0
19,19,0,3.0
23,36,0,4.3
27,26,1,4.2
33,18,0,3.6
30,26,0,5.0
26,17,0,3.8
2,32,0,3.2
16,3,0,3.7
18,37,1,3.5
30,20,0,3.2
19,15,1,4.8
33,11,1,3.3
31,24,1,4.2
17,17,1,4.8
7,14,1,4.2
12,30,1,4.9
8,37,1,3.7
11,35,0,3.1
4,15,0,3.4
3,17,0,4.5
27,0,1,4.1
12,32,1,4.5
22,25,1,3.4
13,30,0,3.5
7,34,0,4.9
23,17,0,3.1
33,29,1,4.2
32,5,1,4.9
3,29,1,4.8
13,13,0,3.5
10,15,0,4.9
14,28,1,4.1
19,20,0,3.9
15,12,0,4.2
17,30,0,4.6
24,9,0,3.6
29,34,1,3.5
11,31,0,3.2
17,4,1,4.6
10,33,0,4.0
28,9,1,4.4
0,35,0,3.1
32,23,0,3.7
1,17,0,5.0
17,18,1,3.3
8,18,1,4.3
13,4,0,3.2
3,0,1,4.2
9,12,0,3.6
33,28,1,4.2
8,0,1,4.2
17,37,1,3.9
4,20,1,4.3
27,15,0,4.7
2,34,1,3.8
24,20,0,3.9
5,19,0,3.3
24,30,0,4.6
3,12,1,3.6
2,23,1,3.6
11,5,1,3.0
11,15,0,3.9
7,7,1,3.9
6,33,0,4.6
9,14,0,3.1
19,35,1,4.9
20,8,0,4.5
23,9,1,3.4
19,19,0,5.0
32,26,1,3.8
10,23,0,4.2
10,25,0,4.5
14,18,0,4.6
8,37,1,4.6
1,34,0,4.5
11,2,0,3.0
24,31,1,4.8
9,6,0,4.9
5,12,1,3.9
9,21,0,4.5
13,1,0,3.9
11,17,1,4.2
14,30,0,3.8
33,0,1,4.9
11,33,0,3.5
27,10,0,3.1
31,0,0,4.3
18,28,0,3.4
26,21,0,4.4
21,3,1,4.1
9,18,0,3.6
28,29,0,4.4
10,31,0,3.6
24,3,1,4.5
17,30,0,4.6
18,18,1,4.3
11,32,1,3.4
10,30,1,3.5
20,6,1,3.2
11,16,1,4.5
11,23,1,5.0
8,8,0,3.6
1,12,0,3.4
23,34,1,4.8
10,37,0,4.4
15,22,1,3.4
2,29,0,3.3
2,8,1,3.5
8,2,0,3.1
7,19,0,4.6
16,28,1,3.7
33,1,0,4.1
16,2,0,3.1
24,1,1,3.1
28,34,0,3.1
1,12,0,4.4
32,21,0,3.7
1,21,1,4.5
8,9,0,3.3
1,3,0,4.8
27,14,0,5.0
2,29,0,3.3
0,10,1,3.2
7,5,1,3.5
19,23,0,4.6
25,24,0,4.4
10,15,0,3.0
13,31,1,4.2
5,16,0,5.0
14,27,1,4.7
28,36,1,4.0
19,24,0,3.5
9,36,0,3.2
16,5,1,4.8
29,1,1,3.7
2,33,0,3.6
28,19,1,4.6
7,10,1,4.3
7,13,1,4.9
7,17,0,3.2
29,4,1,4.1
8,15,1,3.6
10,7,1,4.5
20,23,1,3.2
22,33,1,4.9
19,24,0,3.5
9,5,0,4.3
15,18,0,4.9
28,26,0,4.5
6,29,1,4.4
22,1,0,3.9
6,15,1,4.6
26,27,0,3.3
20,17,1,4.6
0,6,1,3.4
18,22,1,3.6
3,20,0,4.6
22,14,1,4.7
6,31,0,4.6
30,19,1,4.7
2,11,1,4.9
17,24,0,3.2
14,1,1,4.4
3,17,0,4.5
14,13,0,3.9
18,37,0,3.5
16,25,1,3.7
13,26,0,3.9
9,30,0,4.6
12,9,0,3.8
31,25,1,4.8
1,29,1,3.3
1,22,1,3.2
33,10,1,4.5
14,6,1,4.9
6,30,1,3.0
27,8,0,3.7
18,1,0,3.6
29,26,0,3.6
27,9,0,3.2
5,8,0,4.8
17,7,1,3.3
31,5,1,3.3
14,34,1,4.8
25,7,0,4.3
32,3,0,4.6
7,20,1,3.5
21,35,0,4.6
33,34,1,3.2
23,28,1,4.4
8,4,0,3.1
11,11,0,4.4
24,15,0,4.2
0,24,1,4.6
17,5,1,3.0
8,37,1,4.9
1,33,0,3.2
0,9,0,4.6
12,4,0,3.1
6,34,1,4.8
14,26,0,4.6
27,15,1,3.7
16,20,0,4.3
30,12,1,4.9
21,14,1,3.1
1,7,0,4.1
11,8,1,4.1
30,28,1,5.0
24,27,0,4.4
20,20,1,3.9
25,16,1,5.0
2,22,1,3.1
10,24,0,3.3
9,1,1,4.0
25,26,1,5.0
25,33,1,3.8
25,9,0,3.1
10,6,1,4.5
17,30,1,4.6
11,4,0,3.4
26,8,1,4.6
1,10,0,3.7
3,18,1,4.2
23,7,1,3.1
1,35,1,3.2
31,26,0,3.9
9,5,1,3.7
3,16,1,4.8
15,37,1,4.7
10,0,1,3.3
4,32,0,3.4
21,4,1,4.1
0,6,0,4.6
6,31,0,4.0
26,8,0,3.1
14,0,0,4.0
7,5,1,3.5
5,14,1,4.4
30,20,1,4.6
1,19,0,3.8
5,21,1,4.0
12,17,0,4.8
12,6,1,4.8
7,6,0,4.1
8,19,1,3.2
13,24,1,3.3
17,4,0,4.2
29,8,0,4.8
18,9,1,5.0
23,5,0,4.0
6,7,1,4.1
10,20,1,3.6
0,35,1,3.8
7,25,1,4.4
18,26,1,4.2
17,19,1,4.5
1,14,0,4.1
7,21,0,3.5
2,28,1,3.5
3,10,1,4.7
28,19,1,4.4
12,11,0,3.4
33,16,1,4.6
7,9,1,3.6
28,10,0,4.7
27,25,1,3.7
2,30,1,3.7
22,13,0,3.2
12,34,0,4.5
15,28,0,4.0
15,15,0,4.9
23,25,0,3.9
2,22,1,3.9
23,10,0,4.7
10,18,1,3.1
24,3,1,4.7
17,13,1,4.0
33,19,0,4.3
15,17,1,4.7
3,2,1,3.4
15,19,0,4.7
30,19,1,4.7
17,2,1,3.1
27,20,0,4.6
25,16,1,3.5
2,32,0,3.2
15,30,0,3.9
20,24,1,4.1
18,2,0,4.7
31,10,1,3.8
2,9,1,3.7
19,34,0,4.4
6,2,1,3.4
28,7,0,3.6
31,9,0,3.2
14,9,1,4.7
22,10,0,4.9
30,19,1,4.7
6,18,1,4.3
12,7,1,4.3
32,25,0,3.3
27,28,1,3.3
27,13,0,4.6
12,13,0,3.7
0,27,0,4.8
28,3,0,4.6
24,18,0,4.4
33,15,0,3.1
18,13,0,3.4
2,28,0,3.2
8,29,0,4.1
16,13,1,4.7
1,15,0,3.9
1,17,0,5.0
31,22,1,4.0
33,18,0,3.8
29,19,1,3.0
15,33,0,3.2
32,12,1,5.0
26,22,0,4.9
33,23,1,4.5
1,14,1,3.0
10,12,1,4.8
19,35,1,3.9
6,22,1,3.4
1,19,0,3.8
31,17,0,4.1
13,10,0,4.3
0,24,1,4.6
12,7,0,4.5
3,5,1,3.9
25,3,1,3.5
25,2,0,4.2
30,28,1,3.2
32,25,1,3.9
14,6,0,4.8
21,22,0,3.3
19,26,1,3.1
33,12,1,4.8
16,0,0,3.9
18,37,1,3.1
28,31,1,4.4
25,19,0,3.8
22,11,1,3.9
11,17,1,4.7
12,1,1,3.0
25,14,0,3.8
1,37,1,3.8
6,33,1,3.5
0,10,1,4.9
23,10,0,3.6
26,25,0,4.2
24,34,0,4.6
20,17,1,4.4
2,10,1,3.1
6,22,1,3.4
11,37,1,3.7
15,27,0,3.6
10,29,0,3.4
7,12,1,4.0
3,27,0,4.5
22,32,0,3.1
23,20,0,4.2
20,18,1,4.7
5,30,1,3.5
17,32,1,4.5
21,5,0,3.9
26,2,0,4.7
29,6,0,3.7
4,24,1,3.2
32,23,0,3.7
22,18,0,3.2
28,8,1,4.9
25,21,0,3.6
27,36,1,3.8
18,10,0,3.2
4,29,0,3.9
3,0,1,4.2
28,23,0,3.3
3,10,0,3.8
2,9,1,3.7
18,29,1,4.3
27,3,1,3.6
1,28,0,3.9
2,35,0,3.6
15,26,1,4.8
10,6,0,4.4
18,2,0,4.4
20,27,1,4.1
25,11,0,4.3
7,10,0,3.3
3,37,0,3.3
19,0,1,4.3
30,17,1,3.6
29,26,0,4.8
5,23,0,3.3
22,23,1,4.8
26,7,1,3.9
15,25,1,4.0
12,11,1,3.9
9,15,1,3.0
5,20,1,3.2
18,1,0,3.5
33,33,1,4.3
19,35,1,4.3
26,0,1,5.0
9,26,1,4.8
21,28,0,4.7
12,35,1,4.9
2,10,1,3.1
17,27,0,4.5
22,33,1,3.6
6,4,0,4.8
15,31,0,4.7
31,17,0,4.0
0,9,1,3.5
30,13,0,3.1
10,11,0,3.7
10,33,0,3.6
0,22,0,4.0
21,28,0,3.3
14,28,1,4.0
0,27,1,3.6
22,0,0,4.5
17,26,1,3.1
16,2,0,3.1
14,6,1,4.9
15,9,0,3.0
0,32,1,3.8
18,25,1,3.5
27,6,1,4.5
17,30,0,3.0
17,15,0,3.8
18,35,0,3.3
12,25,0,4.5
25,24,0,4.4
30,18,1,4.5
8,19,1,4.9
30,12,1,3.5
12,28,1,3.4
31,24,1,4.1
25,14,0,4.1
16,13,1,3.3
31,11,1,4.5
20,13,1,4.0
29,25,0,3.6
17,19,1,4.2
15,26,1,3.6
11,5,1,3.0
24,28,1,4.3
4,35,1,3.8
28,32,1,4.3
30,26,0,5.0
5,31,0,4.3
14,19,0,3.8
12,37,0,4.4
7,11,0,4.9
10,7,1,3.0
19,18,1,3.3
28,23,0,3.8
7,6,1,3.5
17,32,1,4.5
29,0,1,3.7
13,9,1,3.1
22,1,1,3.4
20,9,1,3.6
7,25,0,4.8
17,12,1,4.5
19,6,0,3.7
31,24,1,3.7
20,24,0,4.1
8,35,1,4.7
29,7,1,3.8
4,36,1,3.8
1,14,1,4.8
16,2,0,4.9
2,28,1,3.2
10,34,1,4.8
2,35,0,3.4
28,12,1,4.8
18,13,1,4.9
20,16,0,4.3
0,37,0,4.0
8,13,0,3.9
21,21,1,4.2
18,10,0,4.2
25,23,1,4.3
10,7,1,3.0
15,19,0,4.5
14,17,0,3.1
29,0,0,3.2
27,19,1,3.7
2,37,1,3.3
9,17,1,4.4
21,12,1,3.5
16,20,0,4.6
15,13,0,3.2
9,8,1,4.3
30,2,0,3.7
12,1,1,3.0
12,3,1,4.7
27,8,0,4.3
23,13,0,4.3
28,20,1,4.3
17,30,0,4.6
23,4,0,4.5
30,26,0,5.0
11,2,0,3.9
0,31,0,4.1
22,36,0,4.6
17,18,0,3.2
3,23,1,4.6
4,31,0,3.4
29,3,1,4.1
18,36,0,4.5
13,32,1,4.8
23,21,1,3.4
5,13,0,4.4
7,21,0,4.2
6,37,0,4.6
27,19,1,4.3
15,9,0,4.5
1,22,1,3.2
30,24,1,3.9
4,15,0,3.7
26,29,1,3.2
21,36,1,3.9
29,7,0,3.9
7,21,0,4.8
0,12,0,3.8
27,23,1,3.9
0,25,0,4.6
20,17,1,4.6
14,34,1,3.9
13,23,1,4.8
8,1,0,3.5
7,23,1,3.0
20,13,1,4.0
28,28,1,4.4
27,0,0,4.9
20,14,1,3.9
18,29,1,4.3
18,29,1,4.3
15,13,0,3.2
8,5,0,4.9
21,28,0,4.3
12,2,0,3.7
11,8,0,4.1
25,4,0,3.3
7,9,1,3.6
30,26,1,3.1
30,24,0,4.8
1,15,1,3.5
27,16,1,3.1
23,28,0,4.7
26,2,0,3.7
31,26,0,4.4
16,25,1,3.3
13,15,0,4.5
16,21,1,4.8
28,20,1,4.1
20,0,0,3.1
22,1,0,3.9
12,13,0,3.4
24,22,0,3.8
24,9,0,4.1
25,36,1,4.3
15,17,1,4.7
19,13,0,3.4
7,26,0,3.3
10,10,1,3.9
16,33,1,4.5
33,24,0,3.2
31,24,1,4.1
10,9,1,4.0
2,16,1,3.4
1,15,0,4.2
0,6,0,4.0
20,18,0,3.7
21,32,0,4.9
20,21,0,4.5
23,28,1,4.4
24,29,1,4.0
6,26,0,4.5
0,30,0,4.4
9,3,0,3.3
27,37,1,4.7
15,28,1,4.3
25,34,0,4.3
19,30,1,3.9
28,7,1,4.9
33,29,1,4.2
8,34,0,5.0
18,14,0,3.1
32,14,1,3.8
16,5,1,4.2
24,6,1,4.4
29,18,1,3.7
29,7,0,4.6
31,17,0,4.1
22,34,0,4.1
9,37,0,4.7
23,22,1,3.4
26,25,0,4.2
16,34,1,3.0
27,11,0,4.7
27,24,1,3.3
19,6,0,3.7
25,31,0,3.9
26,19,0,4.9
31,17,0,4.6
12,5,0,5.0
17,32,0,3.3
4,13,1,4.7
1,10,1,4.1
32,35,0,4.1
15,10,1,3.5
24,5,1,4.4
15,6,1,4.2
15,13,1,3.8
28,13,0,3.6
7,0,0,3.6
13,31,0,3.5
30,18,0,4.5
19,10,1,3.4
17,24,1,3.8
3,12,1,3.6
21,4,1,3.4
8,11,1,3.5
15,23,1,4.9
22,31,1,3.6
33,17,0,4.6
29,19,1,3.0
29,5,0,4.7
33,7,0,3.7
28,18,0,4.2
27,1,0,3.8
1,33,0,3.6
23,10,0,3.6
21,20,1,3.7
27,15,1,3.6
6,2,0,3.8
27,26,1,3.2
33,29,1,3.6
5,36,1,4.4
1,4,0,4.1
25,19,0,4.4
18,34,1,4.3
33,12,1,4.2
5,23,1,3.3
23,31,0,3.5
30,10,0,4.8
28,36,1,3.7
24,29,0,4.6
0,17,0,4.6
30,3,0,3.3
0,15,1,3.1
13,34,1,3.8
17,7,0,3.3
19,30,1,3.2
5,12,1,3.9
33,3,0,4.4
29,14,0,3.7
11,18,0,4.5
9,26,1,4.7
15,22,0,3.6
21,12,1,4.7
26,19,0,4.1
5,17,0,4.4
33,23,1,3.9
3,32,1,4.6
12,22,0,4.0
18,37,0,3.5
28,23,0,3.8
5,14,0,3.6
6,36,0,3.9
28,4,0,3.3
28,0,0,3.3
6,22,1,3.3
23,6,0,4.8
27,22,1,3.0
3,35,1,4.8
28,1,1,4.2
23,25,0,3.9
17,18,0,3.2
14,16,1,3.4
20,29,1,3.5
28,28,1,4.4
26,8,0,3.4
28,4,1,3.7
23,17,1,4.4
7,17,1,4.3
31,20,0,4.7
1,34,0,4.5
26,4,0,4.8
31,22,1,3.4
17,34,0,4.0
29,19,1,3.0
9,20,1,4.5
3,25,0,4.6
23,29,1,3.4
20,22,1,4.6
32,28,0,3.4
23,20,1,3.0
9,2,1,3.1
24,7,0,3.9
18,0,0,3.0
6,26,0,3.4
20,7,0,4.6
22,23,1,3.1
7,25,1,4.3
13,33,0,4.5
9,36,0,3.2
0,34,0,3.0
33,6,1,4.8
25,6,1,4.8
27,22,0,4.7
7,8,1,3.2
6,17,0,4.7
22,16,0,4.8
9,22,0,3.5
14,9,1,3.5
22,13,0,3.2
11,35,0,3.1
18,21,0,3.5
16,27,1,4.6
8,5,0,4.1
9,13,1,4.7
16,23,1,4.4
27,20,0,3.2
20,8,0,4.5
8,26,1,4.1
2,27,0,3.6
17,30,0,3.0
30,24,0,4.8
16,4,0,3.3
19,15,1,4.8
11,37,0,3.2
4,6,1,3.4
28,24,0,4.1
12,15,1,3.2
1,14,0,4.1
27,2,1,4.6
22,30,1,3.4
28,4,0,4.2
17,16,0,3.1
7,26,0,3.3
32,12,1,5.0
28,27,1,4.4
16,29,1,4.7
0,35,0,3.1
6,4,0,4.3
23,5,0,4.6
29,13,0,4.1
11,22,1,4.5
11,2,0,3.0
29,35,0,3.1
28,1,0,4.3
7,19,0,4.6
14,34,1,4.8
12,16,1,3.3
16,10,1,4.8
1,13,0,4.2
18,5,0,3.1
1,2,1,3.0
14,16,0,3.4
23,9,0,4.4
3,20,0,4.6
29,34,0,3.1
29,13,0,4.1
0,25,1,4.2
7,35,0,4.1
25,16,1,4.6
9,0,1,4.1
17,33,0,3.2
26,7,1,3.9
31,37,0,4.3
18,26,0,3.3
28,10,0,3.2
22,16,0,4.8
10,25,1,3.1
14,33,0,4.9
20,24,0,4.1
14,33,1,5.0
0,5,0,4.7
10,29,1,4.3
1,9,0,4.3
29,21,1,3.1
1,33,0,3.5
29,37,0,3.1
31,9,0,4.7
6,37,1,4.1
20,29,1,4.9
0,7,1,3.1
31,28,1,3.1
25,14,0,3.8
11,22,1,4.5
0,22,1,3.8
8,11,0,4.9
23,27,1,3.3
1,37,1,4.5
32,1,0,4.2
14,21,0,3.4
27,4,1,4.9
23,17,0,3.1
4,5,1,3.8
5,13,0,3.6
31,37,1,4.9
6,14,1,3.5
4,10,0,4.1
2,37,1,3.3
4,29,0,4.6
23,17,1,4.4
15,17,1,3.9
4,2,1,4.2
6,25,0,3.6
12,2,1,3.0
24,28,0,4.4
7,24,1,4.6
4,37,0,4.3
0,37,0,4.0
0,22,1,3.8
24,11,0,3.8
33,24,1,3.1
17,18,1,3.2
0,6,0,4.0
26,8,1,4.6
4,18,0,3.0
29,32,1,4.5
15,23,1,4.4
5,13,0,4.4
15,20,0,3.9
1,30,0,4.1
20,6,0,3.4
19,24,0,4.0
0,12,0,3.8
15,36,0,3.8
21,2,1,4.7
14,10,0,3.4
11,37,1,3.3
5,18,1,3.0
18,8,1,3.9
27,0,0,3.4
3,20,0,4.6
28,0,0,4.1
7,24,1,4.6
11,18,0,3.3
33,26,1,3.8
13,9,1,4.9
14,4,1,4.6
24,9,0,4.3
21,20,0,4.6
28,28,0,3.4
19,31,1,3.7
18,31,0,4.4
27,1,0,3.5
4,15,1,3.3
25,1,0,4.4
21,13,1,3.9
8,8,1,3.9
22,21,1,4.6
30,18,0,4.8
31,28,1,4.2
28,9,1,4.4
8,11,1,4.4
3,1,0,3.6
32,26,1,4.5
17,29,0,3.3
26,6,1,3.4
28,27,1,3.5
31,3,1,4.1
31,9,0,3.2
18,4,0,3.3
16,9,1,3.9
25,14,0,4.1
32,8,1,4.8
22,34,1,3.6
27,35,0,3.3
15,5,1,3.3
8,20,1,4.4
11,28,1,3.4
9,1,1,4.0
4,10,1,3.2
16,3,0,4.1
26,9,1,4.4
9,22,1,4.6
0,10,1,4.4
3,1,0,3.6
12,3,0,3.2
28,20,0,3.6
15,36,0,3.2
5,2,1,3.9
16,22,0,3.5
6,26,0,4.5
25,34,0,3.0
5,18,1,3.1
25,1,0,4.4
8,11,1,3.5
12,4,1,4.4
11,28,1,3.5
0,22,1,3.8
12,24,0,3.1
7,9,0,4.3
9,21,0,4.6
21,14,0,4.5
12,36,0,4.4
25,24,0,3.7
5,21,0,3.8
11,26,1,4.2
24,7,0,3.9
19,35,1,4.9
17,18,1,3.2
20,17,1,4.6
15,30,1,3.5
11,28,1,3.4
1,12,0,3.6
27,36,1,3.8
23,14,0,3.5
22,0,1,3.2
26,1,0,4.5
7,12,1,4.0
14,37,0,4.2
1,29,1,3.3
30,3,1,3.9
11,6,0,3.1
21,26,0,3.7
23,37,1,4.1
12,24,0,3.1
14,34,0,3.7
33,17,0,4.6
11,10,1,4.4
2,29,0,3.3
29,13,1,4.0
24,16,1,3.3
8,13,0,4.2
13,30,0,3.5
25,16,0,5.0
14,21,1,3.5
32,14,0,4.6
15,3,0,3.0
14,0,0,4.4
21,28,0,4.3
30,25,0,4.6
8,1,1,4.7
14,24,1,4.1
0,7,1,3.9
15,28,1,4.3
29,7,0,3.9
32,10,0,4.2
26,22,1,4.8
4,7,1,4.4
24,31,1,3.6
4,21,0,4.6
26,15,1,3.4
18,13,0,3.4
25,9,1,3.2
1,31,0,4.6
3,28,1,3.8
20,19,1,4.0
27,10,0,3.9
11,24,0,3.1
5,26,1,4.0
32,35,1,4.5
16,4,0,3.3
2,10,0,5.0
9,19,1,3.5
26,26,0,4.3
10,18,0,4.2
31,3,0,4.2
21,21,1,4.2
9,16,1,3.7
21,24,1,3.0
29,14,1,3.2
23,16,1,3.6
8,32,1,3.4
27,8,0,4.2
8,4,0,4.8
5,30,1,3.7
9,14,0,3.1
5,13,0,3.7
8,4,1,3.9
10,16,0,3.9
30,10,0,4.2
31,28,0,4.8
15,36,1,3.1
20,11,0,3.8
1,10,1,3.1
17,11,1,4.6
12,6,1,3.0
28,15,0,4.0
3,12,1,3.6
25,6,1,3.9
12,8,1,4.3
20,37,0,3.7
28,36,1,3.7
16,27,0,4.5
9,16,1,3.7
19,5,0,3.2
7,30,0,3.8
29,37,1,3.3
31,34,0,4.1
12,19,0,5.0
27,31,0,3.4
12,28,1,3.0
7,31,1,3.3
11,12,0,4.3
25,16,0,4.9
25,4,0,3.3
22,36,0,3.3
12,13,0,3.7
3,32,1,4.6
27,13,0,3.7
15,13,1,4.8
27,29,1,3.7
6,18,1,4.3
20,0,0,3.1
22,26,0,4.1
6,3,0,4.5
30,6,1,4.0
30,32,1,3.9
30,16,0,4.7
4,36,0,3.7
8,34,0,3.6
27,4,1,3.2
5,8,0,4.8
1,35,1,3.7
1,28,1,3.3
28,5,1,4.7
18,22,1,3.6
14,25,1,3.3
12,6,1,4.8
12,13,0,3.4
10,20,1,3.6
16,0,0,3.4
5,28,1,3.8
3,23,1,3.6
13,34,1,3.4
11,32,0,4.9
17,33,1,4.5
31,37,1,4.8
19,33,0,4.4
19,27,1,3.9
29,15,0,3.3
29,27,0,5.0
27,0,0,4.9
8,16,1,3.8
23,10,0,4.7
17,34,1,4.4
8,4,1,3.5
14,5,0,4.9
27,19,0,3.3
24,7,1,4.1
20,18,0,3.7
5,20,1,4.4
28,8,1,4.9
0,2,0,3.2
5,18,1,3.7
5,29,1,3.5
0,20,0,4.3
10,31,1,4.5
2,15,1,4.3
22,36,0,3.3
18,3,0,4.6
11,11,0,4.4
21,25,0,3.0
11,36,0,4.2
30,10,0,4.4
31,26,0,3.9
26,21,0,4.1
25,13,0,4.2
6,31,1,4.8
2,23,0,4.5
7,20,0,3.3
11,31,1,3.6
6,16,0,4.4
17,32,1,3.1
5,20,1,4.4
0,27,1,4.5
18,31,0,3.5
30,14,0,3.1
32,5,1,3.5
14,30,0,4.2
12,22,1,4.2
10,2,0,4.7
6,10,1,3.1
8,7,1,3.1
9,30,0,3.5
3,33,1,3.7
1,3,0,4.2
4,37,0,3.7
6,10,0,3.5
27,17,1,4.5
20,13,1,4.0
19,27,1,3.9
33,7,0,3.7
32,15,0,3.9
3,25,0,4.6
25,30,0,4.7
7,19,1,3.8
11,20,0,4.0
12,22,1,4.2
25,6,1,4.8
30,8,1,3.4
9,36,0,3.2
21,24,1,4.9
29,16,1,4.2
21,6,1,4.1
19,30,0,4.4
11,28,0,4.1
14,4,0,4.5
8,12,1,3.0
27,4,0,4.6
29,1,0,3.9
2,24,0,3.6
32,36,1,4.6
5,19,0,3.3
4,13,1,4.6
7,25,0,4.3
28,19,0,3.1
7,15,1,3.7
12,19,1,3.4
30,29,1,4.4
17,33,0,4.3
30,16,1,3.7
21,3,1,4.3
8,16,1,3.9
2,34,1,4.7
9,11,1,4.8
10,33,0,3.4
15,32,0,3.7
11,8,0,4.8
22,20,0,3.6
28,7,1,3.3
21,11,0,4.2
24,18,1,3.0
22,24,1,4.1
18,28,1,4.6
1,16,1,4.2
33,22,1,3.7
17,5,1,3.9
8,4,0,4.8
21,3,0,3.0
27,18,0,4.4
5,8,0,4.8
30,20,1,3.4
2,18,1,3.8
0,9,0,4.6
15,19,0,4.7
5,11,0,4.6
23,2,0,4.2
8,1,1,4.7
24,15,0,3.5
6,25,0,4.8
3,20,0,4.6
32,29,1,4.8
28,7,0,3.6
11,8,0,3.1
25,13,1,3.2
10,1,1,3.4
33,28,1,4.2
2,12,1,3.9
10,27,0,3.7
33,30,1,4.3
9,25,1,4.0
5,6,0,4.8
4,20,0,4.0
2,7,0,3.1
24,6,0,3.8
17,7,1,4.0
22,13,1,4.3
6,24,1,3.5
10,0,0,3.1
0,9,1,3.5
28,2,0,4.6
15,13,0,3.2
25,36,1,3.9
19,13,0,3.4
6,9,1,4.8
3,1,0,3.6
2,13,0,4.5
7,35,0,3.2
11,0,0,4.5
4,21,0,4.6
8,37,1,4.6
11,6,1,4.1
17,7,1,3.3
28,10,0,4.7
1,35,1,3.2
10,6,1,4.5
2,28,0,4.8
27,15,1,3.2
20,14,1,3.4
8,26,1,4.1
21,16,1,3.6
32,2,1,3.5
10,22,1,4.6
32,34,1,4.6
15,32,1,4.7
16,15,0,4.1
22,4,0,4.2
1,9,0,4.3
29,26,1,3.4
17,7,1,4.6
6,22,1,3.4
22,15,0,4.9
11,16,0,4.5
16,2,0,4.9
33,6,0,3.8
27,25,0,3.2
13,32,1,4.8
20,0,0,3.7
17,15,0,3.8
14,27,0,3.7
29,4,1,4.6
6,34,1,4.8
12,3,0,4.9
13,4,0,3.7
14,5,0,3.9
33,37,1,3.7
13,34,1,3.8
3,32,1,4.6
26,12,1,3.9
6,28,1,3.3
23,28,0,3.5
17,30,0,4.6
16,27,1,4.6
25,20,1,4.4
25,36,1,4.3
18,10,1,4.0
31,21,0,4.2
23,14,1,4.7
24,33,1,4.3
7,32,1,4.5
26,34,1,4.1
7,25,0,4.3
9,19,0,4.9
18,17,1,3.7
6,22,1,3.9
26,12,1,4.3
1,19,1,3.3
28,11,0,4.1
30,19,1,3.6
33,33,1,4.3
26,1,1,3.6
33,11,0,4.0
16,24,1,3.3
29,19,0,4.3
27,8,0,4.2
30,29,0,4.1
21,20,0,4.6
26,6,1,3.8
13,31,0,4.6
6,8,1,3.2
24,26,1,4.0
6,11,0,3.6
29,1,1,4.8
33,19,0,3.7
15,35,1,3.8
3,17,0,3.4
10,12,0,3.3
8,8,1,3.4
4,36,1,4.8
13,34,0,4.9
18,9,1,5.0
20,29,1,3.5
10,29,1,3.9
23,24,0,4.2
31,8,1,4.7
14,35,1,3.3
9,13,0,3.3
25,33,0,4.1
2,14,1,3.5
28,30,1,4.4
27,8,1,3.9
2,30,1,3.7
26,6,1,3.7
20,7,0,3.8
24,23,0,3.4
1,3,0,3.6
15,20,1,3.7
20,7,0,4.3
33,35,0,4.3
23,5,1,3.0
24,0,0,3.9
25,24,0,4.6
3,36,1,4.9
2,11,1,4.9
21,20,1,3.7
6,37,0,4.6
8,31,1,3.8
26,19,0,4.9
3,5,1,3.9
31,9,1,4.9
0,2,1,3.1
7,30,0,3.8
4,26,0,4.6
23,37,1,4.1
8,21,0,4.7
20,11,1,5.0
15,13,0,3.2
32,35,0,3.5
3,16,1,4.8
24,23,0,3.4
27,7,0,4.7
24,12,0,3.7
29,32,1,4.5
11,3,1,3.7
2,6,1,3.3
20,5,0,4.8
11,28,1,3.4
31,37,1,4.8
9,29,1,4.5
2,25,1,3.4
6,30,1,3.0
6,3,1,4.7
0,0,1,4.2
31,3,0,3.4
0,12,1,4.0
20,11,0,3.8
17,21,0,3.3
18,10,1,3.5
30,0,1,4.7
12,15,1,4.6
7,19,0,3.6
10,6,0,4.1
21,36,1,3.9
12,34,1,3.4
11,15,0,3.9
16,18,1,4.1
27,29,0,4.9
12,28,1,3.8
5,20,1,3.2
18,10,1,4.0
24,1,0,4.5
21,18,0,4.8
17,18,0,4.3
24,29,1,4.0
31,14,1,3.6
2,22,0,3.8
23,10,0,3.6
15,24,0,4.3
32,28,0,3.2
17,37,1,3.9
33,4,1,3.9
28,26,0,3.3
28,6,1,4.7
24,31,1,4.8
7,25,0,4.3
18,27,0,3.2
32,29,0,4.7
27,15,1,3.7
3,17,0,3.9
33,26,1,3.8
1,8,0,3.2
7,12,0,4.3
31,3,1,4.1
25,31,1,4.0
6,8,0,4.5
2,24,1,3.8
28,10,0,3.2
9,28,0,3.4
9,1,0,4.9
32,12,1,5.0
28,20,1,4.1
32,12,1,4.3
18,21,0,3.3
16,24,0,3.6
31,17,0,4.0
23,28,1,4.4
16,24,1,3.3
28,27,0,4.9
12,6,1,3.3
21,3,1,4.1
30,4,1,3.8
12,1,1,4.6
15,13,0,3.2
32,11,1,3.4
16,22,1,4.7
18,9,1,4.8
6,5,1,4.6
5,7,0,4.1
4,17,0,3.2
0,3,1,4.2
7,2,1,3.2
25,30,1,4.5
5,21,0,3.8
27,37,1,4.9
11,11,1,4.3
1,8,0,3.2
17,22,0,3.2
6,11,1,4.4
13,31,0,3.6
28,24,1,3.5
19,29,1,4.4
13,32,0,3.1
30,16,0,3.3
31,7,1,4.5
1,7,0,4.2
22,34,0,4.1
3,22,0,3.3
33,6,1,3.4
16,8,0,4.4
29,36,1,4.4
8,13,1,4.1
31,23,0,4.3
19,6,0,4.5
25,10,0,4.4
29,19,0,4.4
18,9,0,3.2
17,4,0,3.3
20,2,0,3.1
27,19,0,3.0
28,29,0,3.9
20,24,1,3.6
19,6,0,4.5
5,11,0,4.3
18,6,1,4.3
25,11,0,3.5
6,26,0,4.5
22,27,0,4.4
23,34,1,4.7
21,34,1,5.0
26,14,1,3.7
3,4,0,4.9
12,5,0,5.0
6,2,1,4.0
13,26,0,3.9
29,1,1,3.7
5,32,1,4.5
6,37,0,4.4
8,37,1,4.9
33,24,0,3.2
1,37,1,4.5
26,15,1,3.4
9,17,0,3.2
14,6,0,4.1
11,8,1,4.1
3,2,0,4.4
23,24,0,4.0
27,14,1,3.4
12,4,0,4.7
32,14,1,3.8
21,3,1,4.1
20,32,1,3.5
33,11,1,3.4
25,6,0,4.6
2,24,1,3.8
27,8,0,4.3
11,35,0,3.3
1,11,0,4.8
10,9,1,4.0
2,35,0,3.6
12,17,0,4.8
0,36,0,4.3
15,24,0,4.3
0,18,1,4.3
27,24,0,4.9
21,22,0,4.9
17,31,1,4.6
3,15,1,4.3
7,6,0,4.1
20,10,0,3.8
6,34,0,4.4
6,4,0,4.3
18,31,0,4.4
0,30,1,3.8
15,23,1,4.9
17,9,0,3.1
16,16,1,4.0
6,34,0,4.4
33,24,0,4.7
24,6,1,3.6
7,5,0,3.9
16,16,1,4.8
30,37,1,3.3
1,1,1,3.2
28,35,0,3.5
9,29,1,4.5
16,10,0,4.4
17,20,0,4.9
26,22,0,4.3
10,8,1,4.3
6,2,1,4.0
12,9,0,4.4
21,11,1,4.3
23,29,1,3.1
7,10,0,4.8
12,37,0,4.4
26,4,1,4.7
20,28,0,3.1
30,10,0,4.4
28,12,0,3.1
13,30,1,4.0
33,25,1,4.5
15,19,0,4.7
18,36,1,3.8
30,13,0,3.6
25,4,0,3.3
24,9,0,3.6
10,34,1,4.6
6,9,0,3.2
2,11,1,4.3
28,21,1,3.4
24,20,0,4.1
30,10,0,4.2
27,27,0,3.4
32,0,1,4.1
12,4,1,4.4
1,26,0,4.7
21,34,1,4.5
19,5,1,4.9
2,22,1,3.1
15,23,1,3.9
19,24,0,3.5
24,1,0,4.5
27,25,0,3.2
25,16,1,5.0
7,6,1,3.5
1,29,0,4.1
15,4,0,4.4
8,1,1,3.5
9,20,1,4.5
30,10,0,4.4
10,27,0,3.7
20,11,0,3.8
9,34,1,3.7
6,4,0,4.8
18,10,1,3.6
21,32,0,4.0
7,20,1,4.8
27,29,0,3.4
21,31,1,4.0
3,1,0,3.1
0,5,1,3.6
16,5,1,3.5
9,13,0,3.3
11,12,0,4.1
27,6,0,4.5
28,7,1,4.9
4,18,0,3.0
16,28,1,4.1
13,32,1,3.8
21,22,0,4.9
19,24,0,4.6
25,14,0,3.8
29,7,1,4.3
1,35,1,3.7
8,22,1,3.9
29,14,1,3.2
12,25,1,5.0
4,37,0,4.3
30,34,0,3.2
26,28,1,3.9
1,22,0,4.9
5,15,0,4.4
12,20,1,4.1
20,6,0,4.0
17,19,0,3.7
16,24,1,4.9
28,19,0,4.4
13,29,1,5.0
20,4,0,4.9
2,32,0,3.2
22,6,0,4.3
8,13,0,4.2
23,10,0,4.7
8,26,1,4.1
30,14,1,4.2
7,17,0,4.6
14,35,1,3.3
4,24,1,3.2
30,12,1,3.5
29,3,1,3.0
31,9,1,4.7
21,8,1,4.9
19,35,0,4.1
0,3,0,4.7
11,0,0,4.5
22,19,0,3.5
24,22,0,3.8
6,12,0,3.7
11,35,1,3.5
3,5,1,3.9
4,13,1,4.8
2,2,0,3.4
8,11,0,4.9
15,20,0,3.9
14,18,0,3.6
21,23,1,4.9
20,24,0,4.1
7,5,0,3.9
2,33,1,3.9
18,30,0,3.8
30,25,0,4.6
28,36,0,4.6
15,21,0,4.1
23,10,0,4.7
1,30,0,4.1
17,36,0,3.9
27,30,1,4.2
17,36,1,4.7
12,6,1,3.1
31,37,1,4.8
4,0,1,3.6
2,0,0,4.0
7,25,0,4.3
23,16,1,4.1
12,9,1,3.4
19,35,1,4.8
28,4,0,3.3
8,20,0,3.8
5,3,0,4.9
21,16,1,4.5
15,33,1,4.5
2,28,0,3.2
24,3,0,4.8
10,18,1,3.1
22,23,0,3.7
2,16,1,4.3
26,12,1,3.4
31,32,0,4.2
27,1,0,3.5
15,22,0,4.4
21,16,0,4.4
10,16,0,4.3
17,37,1,3.3
21,34,1,4.5
7,33,0,4.6
7,14,0,4.3
11,12,0,4.1
3,11,0,4.1
25,14,0,4.7
3,33,1,3.7
30,20,1,3.1
17,26,1,4.9
31,24,1,4.2
29,32,1,4.5
30,10,0,4.8
14,4,0,3.1
3,28,1,4.5
7,25,0,4.3
7,4,0,3.5
30,10,0,4.8
18,6,1,4.9
7,33,1,3.5
17,2,0,5.0
8,16,0,3.8
17,32,1,3.7
15,15,1,3.1
24,1,0,3.2
16,36,0,4.0
13,33,0,3.5
18,23,0,3.4
31,34,0,4.1
4,25,0,4.5
0,27,1,4.5
28,33,0,4.0
32,0,1,4.1
13,23,0,4.8
33,6,1,3.4
30,26,1,4.5
29,11,0,4.0
11,12,0,3.5
9,29,1,3.4
22,28,0,3.4
22,7,0,4.5
4,15,0,3.5
1,34,1,3.2
3,2,0,5.0
7,28,1,4.6
19,21,0,4.9
4,32,0,4.5
27,17,1,4.5
11,24,0,4.7
32,8,1,4.8
10,2,0,3.4
20,16,1,4.6
5,21,0,3.8
0,36,1,4.2
25,19,1,3.3
12,27,1,3.8
29,20,1,4.3
15,37,1,3.6
27,36,1,3.8
13,1,0,3.9
33,10,1,4.5
8,16,0,3.8
8,12,1,3.9
33,11,1,3.3
32,37,0,4.7
33,21,0,3.6
11,13,0,4.6
11,30,0,3.7
14,27,1,4.2
33,19,0,4.3
0,26,0,3.5
17,36,1,4.7
12,15,0,3.7
17,1,0,4.5
28,20,0,4.1
17,6,1,3.5
3,34,0,4.8
22,13,0,3.8
32,33,1,4.9
23,10,1,4.5
17,13,1,4.0
31,17,0,4.0
33,8,0,3.8
28,19,0,5.0
15,3,1,4.0
17,15,0,3.1
16,13,1,3.5
30,35,1,4.3
1,4,1,4.7
28,13,1,3.2
16,36,1,3.4
20,1,0,3.4
32,10,0,3.1
0,8,0,4.5
9,36,1,4.8
22,11,1,3.2
8,19,1,3.2
1,33,1,4.1
16,25,1,4.3
31,23,0,4.3
27,15,0,4.7
7,31,1,4.5
2,13,0,4.5
4,34,0,4.5
0,3,1,3.6
22,37,0,3.0
12,13,0,3.4
4,22,1,3.7
25,14,1,4.3
14,6,0,4.1
8,4,0,3.1
32,21,0,4.4
13,31,1,4.8
23,27,0,5.0
20,35,1,4.9
19,18,1,4.3
28,3,1,4.7
13,22,1,4.8
10,37,0,4.4
20,7,1,3.2
23,5,0,3.7
5,32,0,4.2
7,13,1,4.4
1,3,0,3.4
12,28,1,3.8
14,30,0,4.2
0,4,0,3.9
10,21,0,3.4
13,14,0,3.9
13,9,0,3.0
4,3,1,3.3
16,28,1,3.2
16,36,1,3.3
6,25,0,3.7
5,9,0,3.4
4,30,0,4.4
1,7,0,3.2
22,1,0,3.3
30,37,1,3.3
30,29,1,4.7
6,31,1,3.9
16,4,0,4.3
29,26,1,3.6
24,6,1,4.4
29,30,1,4.4
7,6,0,3.7
27,30,1,4.4
15,18,0,3.4
18,36,0,4.9
8,13,0,3.9
3,0,1,4.2
2,6,0,3.8
7,10,1,3.7
20,5,1,3.3
28,28,0,4.4
6,37,0,4.5
28,6,1,4.7
12,14,0,4.6
1,16,1,3.6
22,13,0,4.1
33,34,1,3.2
13,16,0,3.7
4,15,0,4.3
16,1,1,4.7
24,12,0,3.4
3,10,1,4.3
21,22,0,4.9
23,10,0,4.7
22,9,0,3.8
18,0,1,3.2
23,29,1,3.3
25,34,1,4.1
33,8,0,4.1
24,37,0,4.2
26,17,1,4.5
24,22,1,4.7
14,16,0,3.4
10,6,0,4.4
27,6,1,4.5
29,6,0,3.7
1,9,1,3.9
2,23,1,4.6
0,6,0,4.6
18,13,0,3.4
24,1,1,4.5
15,0,1,4.3
31,20,1,4.0
26,36,0,3.5
13,21,1,3.3
24,33,1,4.6
11,3,0,4.2
2,6,1,3.8
16,20,1,3.6
32,29,1,4.8
3,2,1,3.3
27,27,0,3.6
28,10,0,3.0
1,7,1,3.8
8,7,1,3.2
18,21,1,3.4
2,24,1,3.8
2,33,1,3.9
33,24,1,3.3
25,16,0,4.3
16,10,0,4.4
13,30,0,3.5
11,32,1,3.4
31,20,0,4.7
18,37,0,3.5
23,28,1,3.7
16,36,1,3.4
23,7,1,3.7
17,26,0,3.5
13,9,1,4.9
15,29,1,4.1
29,1,0,3.9
27,6,0,4.8
13,36,1,3.9
33,8,0,4.1
11,1,1,4.1
7,7,0,3.0
6,14,1,4.6
12,14,0,4.6
33,24,1,3.1
12,22,1,4.5
25,34,0,4.5
11,15,0,4.2
30,34,0,4.0
33,14,1,3.7
20,14,1,4.2
11,7,1,3.2
10,33,0,3.4
7,31,0,3.2
5,14,1,3.1
1,8,1,5.0
24,4,0,4.3
17,20,0,4.2
25,19,0,4.4
18,12,0,4.2
23,20,0,3.3
15,10,1,4.7
28,6,1,4.7
33,2,1,3.1
3,5,1,3.9
30,25,0,4.6
30,23,0,3.4
26,37,1,3.4
5,14,0,4.4
21,1,1,4.2
18,2,0,3.3
0,13,0,4.7
16,6,0,3.3
9,23,0,4.2
26,1,0,4.5
33,30,1,4.3
22,27,0,4.4
12,7,1,3.9
33,25,0,5.0
8,2,0,4.8
20,11,1,5.0
31,11,0,4.3
25,21,0,4.4
17,20,0,4.9
26,36,0,3.2
22,2,0,3.4
7,7,0,3.1
23,22,1,3.4
33,30,0,3.4
25,33,0,4.1
18,6,1,4.3
18,8,1,3.9
10,20,0,4.9
20,11,0,3.8
10,15,1,3.9
6,36,0,4.6
22,0,1,3.7
2,34,0,4.8
13,3,1,4.3
25,4,0,4.1
29,1,0,3.9
25,26,1,5.0
24,29,1,4.0
19,34,1,3.4
17,12,1,4.2
26,10,1,3.5
10,33,0,3.4
21,18,1,5.0
0,31,0,4.4
33,12,0,3.8
29,31,0,4.8
25,21,0,4.4
28,22,1,4.0
9,12,1,4.9
3,32,1,3.8
0,0,0,4.2
30,2,1,3.3
6,20,0,3.6
4,30,0,4.6
16,33,1,4.5
11,20,0,4.0
11,2,0,3.9
17,17,1,3.3
17,33,0,4.6
21,37,1,3.6
25,4,0,3.3
25,29,1,4.8
31,21,0,3.5
21,34,1,4.5
2,16,0,3.9
33,17,0,4.6
22,2,0,3.4
26,21,0,4.1
33,34,1,3.2
0,24,0,3.8
21,34,0,3.6
15,23,1,4.4
28,21,1,3.4
27,35,0,3.3
10,15,0,3.4
31,37,0,4.3
32,13,1,4.5
29,37,0,3.1
12,9,1,3.4
14,27,0,3.7
12,3,0,4.7
19,27,0,4.8
5,3,1,4.9
3,7,1,4.5
12,37,0,3.0
10,22,0,3.7
30,30,1,3.4
24,12,0,3.4
0,6,0,4.6
29,22,0,3.7
24,19,0,3.6
32,10,0,3.1
22,23,1,4.8
32,35,1,3.4
24,37,1,3.4
20,35,1,3.9
17,34,1,3.6
11,21,1,4.4
22,9,1,4.9
28,31,1,4.9
15,26,0,3.3
30,24,0,4.8
33,10,1,4.0
26,16,0,4.7
31,27,0,3.5
27,4,0,4.6
25,1,0,4.4
4,36,0,3.3
5,6,0,4.6
33,11,0,3.9
27,15,1,3.7
11,29,1,3.1
21,3,0,4.4
33,26,1,4.6
17,2,0,3.7
14,22,0,4.7
27,34,1,4.3
7,20,1,3.6
27,13,0,3.7
2,31,0,4.6
31,7,1,3.4
33,25,1,4.5
30,3,1,3.1
1,37,1,3.8
28,30,1,4.4
19,34,0,4.4
11,31,0,3.2
3,3,0,4.9
24,14,1,3.9
31,4,0,4.2
10,1,1,3.5
7,25,0,4.3
12,12,0,4.4
1,22,0,4.2
19,8,1,3.5
9,16,0,3.0
33,16,0,3.1
11,23,1,5.0
32,18,1,4.9
10,31,1,4.3
29,7,0,4.6
3,14,1,3.4
30,25,0,4.6
21,1,0,3.8
16,16,1,4.0
5,30,1,3.7
19,22,0,3.6
22,12,1,4.1
1,7,0,4.1
9,12,0,3.6
18,37,1,3.5
13,22,0,3.5
33,31,0,4.5
1,26,0,4.7
7,15,1,3.5
24,14,1,3.9
13,17,1,4.6
18,16,0,3.4
10,1,0,3.1
16,24,1,4.1
8,20,0,3.8
5,9,0,3.4
33,6,1,4.0
14,32,1,3.0
16,29,0,3.5
14,24,1,4.1
31,12,1,3.0
15,19,0,4.5
18,14,0,3.1
12,26,0,3.0
12,16,1,4.3
29,5,0,4.2
15,28,1,4.5
6,28,1,3.3
26,27,1,3.9
10,15,1,3.9
32,16,1,4.3
6,5,0,4.8
22,26,0,4.1
33,18,0,4.6
22,12,1,4.1
27,11,0,4.7
24,14,1,3.9
28,32,0,4.4
21,37,0,3.1
1,24,0,3.4
1,16,1,4.2
19,23,1,3.8
17,9,1,4.3
2,18,1,3.0
2,24,1,3.8
14,33,1,5.0
7,18,0,3.8
20,3,1,3.5
17,34,1,3.6
8,26,1,4.1
16,19,1,3.1
16,36,1,3.4
23,5,0,4.6
26,22,1,4.3
1,32,1,4.5
20,30,0,3.6
31,24,0,3.9
28,10,0,3.2
18,20,0,4.5
31,19,0,4.8
3,36,1,3.0
29,26,0,4.8
4,10,1,3.9
12,1,1,3.0
22,8,0,4.7
11,10,1,4.4
25,9,0,3.3
19,23,1,3.8
30,31,1,4.2
27,35,1,3.5
17,27,1,4.6
23,17,1,3.4
7,14,0,4.3
10,30,0,3.9
19,36,1,4.7
3,20,0,4.2
13,20,0,4.9
16,4,0,3.3
19,6,1,4.2
24,0,0,3.7
19,6,0,4.2
19,8,0,3.6
17,2,1,3.8
24,3,0,4.8
16,15,0,4.1
13,18,1,4.1
32,10,0,4.2
11,23,1,3.0
17,24,1,4.1
11,3,1,3.0
16,3,0,3.7
28,15,0,3.5
2,18,1,3.8
8,31,1,3.7
32,28,1,4.3
12,28,0,3.1
6,2,1,4.0
27,27,0,3.6
20,34,1,3.6
19,8,1,3.0
11,27,1,3.1
13,9,1,4.9
7,9,0,4.3
14,12,0,4.5
25,5,0,4.6
5,21,0,4.2
0,7,1,3.9
15,0,1,3.3
13,1,0,3.9
14,7,1,5.0
7,12,1,4.0
9,34,1,4.7
16,6,0,3.5
2,14,1,3.5
30,4,1,3.2
15,27,0,3.6
16,28,1,4.1
2,28,1,4.1
23,1,1,4.3
4,12,1,4.9
16,13,1,3.1
25,8,0,3.9
17,28,1,4.3
32,0,1,4.1
8,16,0,4.6
1,24,0,4.4
7,26,1,3.6
20,18,1,4.7
7,19,1,3.4
28,3,1,4.7
22,31,1,3.2
17,19,1,3.1
0,24,0,4.9
10,7,1,3.0
12,33,0,4.0
0,8,1,3.6
9,4,1,4.5
25,5,0,4.6
1,15,0,4.6
24,22,1,4.7
23,28,1,4.0
30,24,0,4.8
2,35,0,4.5
7,4,0,4.7
22,1,1,3.4
8,33,0,4.2
7,30,0,3.8
4,25,1,3.0
15,27,1,4.8
27,17,1,4.0
13,34,1,4.6
7,34,1,3.4
27,26,1,4.6
26,11,1,4.5
30,6,1,4.0
23,22,1,3.4
29,11,1,3.3
0,18,0,3.7
14,10,1,3.1
16,33,0,3.3
26,22,1,4.3
15,1,1,3.6
27,15,1,4.1
0,11,1,3.6
25,0,1,4.8
31,32,0,4.2
9,29,1,4.5
32,32,1,3.6
6,7,0,4.5
9,17,0,4.7
0,30,0,3.3
14,36,0,3.6
11,12,0,4.1
14,33,1,5.0
32,28,0,3.2
6,7,0,4.5
10,10,1,3.5
27,17,1,4.5
14,9,1,3.5
14,0,0,4.4
19,26,1,4.9
4,15,1,3.3
6,35,0,4.3
30,34,1,4.1
20,11,1,5.0
3,6,0,3.9
23,13,0,4.2
21,24,1,3.0
25,9,1,4.4
6,26,0,4.5
19,28,1,3.6
26,1,0,4.5
26,16,1,3.8
22,30,1,4.8
22,20,0,3.6
31,26,0,3.9
22,13,1,4.3
6,32,1,4.8
9,22,1,4.3
32,35,0,3.5
5,12,1,4.3
26,6,1,3.8
13,3,0,3.2
7,9,1,5.0
25,5,1,4.0
5,11,0,4.0
26,36,0,3.9
16,4,0,4.0
8,4,1,4.1
3,2,1,3.3
33,12,0,4.0
18,12,1,3.0
2,20,1,3.2
29,10,0,3.8
29,0,1,4.7
18,37,1,4.4
15,6,1,4.2
31,33,0,4.0
30,4,1,3.0
27,15,1,3.5
15,0,1,4.3
10,33,1,4.8
3,1,0,3.1
26,9,1,4.2
9,15,1,4.8
6,17,0,4.7
20,3,0,3.0
24,15,1,3.6
0,4,1,4.0
15,37,1,4.5
16,16,0,4.6
29,19,1,4.7
9,12,1,3.6
23,4,0,4.5
33,25,0,5.0
22,12,0,4.3
15,23,1,3.8
28,3,1,4.7
18,12,0,4.5
32,26,1,3.8
29,20,1,3.3
22,1,1,3.4
19,6,1,4.2
0,10,0,4.3
16,13,0,4.3
28,11,1,4.8
10,21,0,4.4
24,22,1,4.7
2,28,0,3.2
10,6,1,4.5
23,2,0,4.7
31,9,0,3.2
2,31,0,4.2
12,26,1,4.8
28,7,1,4.0
23,23,0,3.6
8,27,1,4.9
0,12,0,4.3
6,1,1,4.1
11,12,0,4.6
15,37,1,3.6
18,25,1,3.5
30,12,1,4.9
17,35,0,3.7
6,35,1,4.6
16,28,1,3.7
26,24,0,4.2
13,30,0,3.5
31,18,1,4.9
11,4,0,3.4
6,32,1,4.8
20,20,1,3.9
7,3,1,5.0
12,34,1,4.3
16,36,1,3.5
29,19,0,4.3
25,21,0,4.4
8,23,1,4.4
24,3,1,4.5
15,31,1,4.9
9,12,1,4.9
1,10,1,3.1
9,32,1,3.4
1,34,1,3.5
11,20,1,4.9
31,4,1,4.9
14,19,0,3.4
31,24,1,3.7
24,24,0,4.9
27,4,0,4.6
5,31,0,4.3
12,34,1,4.3
27,35,0,3.2
26,31,1,4.4
5,5,1,3.4
17,36,1,3.1
5,1,1,4.3
28,4,1,4.0
0,32,1,4.1
31,32,0,4.0
26,4,1,4.7
5,34,0,4.1
16,21,1,4.6
22,16,0,3.2
0,22,0,4.0
24,22,1,3.2
4,12,1,3.6
17,37,1,3.9
0,36,1,4.2
8,23,1,4.9
24,1,0,3.1
31,34,0,3.8
11,3,1,4.6
10,23,0,4.2
32,7,0,3.8
32,14,1,3.8
0,28,0,3.4
24,32,1,3.3
13,11,1,3.4
28,33,0,4.0
8,11,1,3.5
7,4,1,3.4
29,36,0,3.1
24,26,0,3.8
21,29,1,3.7
3,5,1,3.1
9,15,1,3.0
0,22,0,4.0
26,8,0,3.6
19,37,0,3.7
29,17,0,3.5
16,4,0,4.8
22,8,0,3.4
22,32,0,4.9
4,10,1,3.2
18,13,0,3.2
10,7,1,3.0
14,12,0,3.1
12,16,1,3.3
6,17,0,4.1
11,8,0,3.1
1,1,1,3.2
5,9,0,3.4
19,27,0,4.8
5,7,1,4.4
4,4,0,3.1
4,10,1,3.9
6,37,1,4.1
28,5,1,4.7
14,19,1,4.4
6,0,0,3.6
14,0,0,4.3
22,23,1,4.8
14,1,0,4.4
0,36,1,4.2
17,13,0,3.1
1,28,0,3.9
16,32,1,4.8
12,5,0,5.0
25,14,1,4.1
11,22,1,3.8
13,24,1,3.8
5,15,1,3.9
21,11,0,3.7
6,29,1,4.4
20,37,1,4.9
22,1,1,3.2
28,10,0,3.0
26,30,0,4.5
22,16,1,4.0
24,1,1,3.8
12,5,0,5.0
30,26,0,3.9
17,33,0,3.2
30,0,0,4.6
30,20,1,3.1
12,25,1,5.0
19,14,0,3.9
14,10,0,3.1
18,22,0,4.3
4,13,1,4.7
8,5,1,3.5
28,32,1,4.3
1,2,0,4.7
33,23,1,3.4
24,2,1,3.0
18,8,1,3.9
26,33,1,3.5
0,4,1,3.6
0,35,0,4.3
3,11,1,3.8
33,24,0,3.2
1,21,1,4.1
12,18,1,3.6
2,9,1,4.7
26,8,1,4.2
33,13,0,3.1
19,8,0,3.5
3,27,0,3.7
26,3,0,3.4
27,34,1,4.9
27,37,1,3.4
22,27,1,3.7
11,32,0,4.9
31,21,1,4.9
9,8,0,3.6
3,34,0,3.4
14,4,1,3.9
6,25,1,4.5
20,13,1,4.5
7,6,0,4.1
1,12,0,4.4
11,27,0,4.6
29,35,0,4.0
32,15,1,3.8
4,12,1,3.6
29,30,1,4.4
26,32,1,3.6
29,14,1,4.5
16,23,1,4.2
12,2,1,3.0
24,32,1,3.7
21,28,1,3.8
24,32,1,3.7
1,16,0,4.4
5,0,1,4.2
0,18,1,3.7
20,13,1,3.8
22,11,0,4.4
31,8,0,4.1
8,25,1,3.4
6,33,0,4.7
7,7,0,3.0
0,15,1,4.7
20,16,1,4.9
9,2,1,3.1
15,24,1,4.1
30,6,1,3.3
28,28,0,4.5
4,7,0,3.6
23,28,1,3.7
17,2,1,4.3
26,28,1,3.2
32,10,0,3.9
26,25,1,3.8
7,31,0,3.0
33,10,1,4.6
9,30,0,4.6
22,3,0,4.5
29,26,1,3.4
16,5,1,3.9
14,6,1,4.7
13,9,1,3.1
